player_id,team,position,position_type,as_of_utc
624428,LAA,2B,Infielder,2026-09-24T18:34:59+00:00
690829,LAA,P,Pitcher,2026-09-24T18:34:59+00:00
676620,LAA,P,Pitcher,2026-09-24T18:34:59+00:00
669326,LAA,LF,Outfielder,2026-09-24T18:34:59+00:00
695681,LAA,2B,Infielder,2026-09-24T18:34:59+00:00
694203,LAA,3B,Infielder,2026-09-24T18:34:59+00:00
680570,LAA,P,Pitcher,2026-09-24T18:34:59+00:00
820862,LAA,P,Pitcher,2026-09-24T18:34:59+00:00
642350,LAA,LF,Outfielder,2026-09-24T18:34:59+00:00
666139,LAA,LF,Outfielder,2026-09-24T18:34:59+00:00
684665,LAA,P,Pitcher,2026-09-24T18:34:59+00:00
545361,LAA,CF,Outfielder,2026-09-24T18:34:59+00:00
815083,LAA,P,Pitcher,2026-09-24T18:34:59+00:00
694208,LAA,DH,Hitter,2026-09-24T18:34:59+00:00
672724,LAA,2B,Infielder,2026-09-24T18:34:59+00:00
672282,LAA,P,Pitcher,2026-09-24T18:34:59+00:00
696270,LAA,P,Pitcher,2026-09-24T18:34:59+00:00
670245,LAA,P,Pitcher,2026-09-24T18:34:59+00:00
696147,LAA,P,Pitcher,2026-09-24T18:34:59+00:00
671111,LAA,P,Pitcher,2026-09-24T18:34:59+00:00
642048,LAA,P,Pitcher,2026-09-24T18:34:59+00:00
518595,LAA,C,Catcher,2026-09-24T18:34:59+00:00
623168,LAA,C,Catcher,2026-09-24T18:34:59+00:00
687093,LAA,1B,Infielder,2026-09-24T18:34:59+00:00
685133,LAA,LF,Outfielder,2026-09-24T18:34:59+00:00
700712,LAA,P,Pitcher,2026-09-24T18:34:59+00:00
579328,LAA,P,Pitcher,2026-09-24T18:34:59+00:00
687263,LAA,SS,Infielder,2026-09-24T18:34:59+00:00
694297,AZ,P,Pitcher,2026-09-24T18:34:59+00:00
805299,AZ,P,Pitcher,2026-09-24T18:34:59+00:00
669203,AZ,P,Pitcher,2026-09-24T18:34:59+00:00
682998,AZ,RF,Outfielder,2026-09-24T18:34:59+00:00
642701,AZ,P,Pitcher,2026-09-24T18:34:59+00:00
593958,AZ,P,Pitcher,2026-09-24T18:34:59+00:00
672515,AZ,C,Catcher,2026-09-24T18:34:59+00:00
672695,AZ,SS,Infielder,2026-09-24T18:34:59+00:00
545121,AZ,1B,Infielder,2026-09-24T18:34:59+00:00
543510,AZ,C,Catcher,2026-09-24T18:34:59+00:00
660821,AZ,DH,Hitter,2026-09-24T18:34:59+00:00
642528,AZ,P,Pitcher,2026-09-24T18:34:59+00:00
691783,AZ,CF,Outfielder,2026-09-24T18:34:59+00:00
699912,AZ,DH,Hitter,2026-09-24T18:34:59+00:00
666661,AZ,P,Pitcher,2026-09-24T18:34:59+00:00
679885,AZ,P,Pitcher,2026-09-24T18:34:59+00:00
606466,AZ,2B,Infielder,2026-09-24T18:34:59+00:00
656464,AZ,P,Pitcher,2026-09-24T18:34:59+00:00
663457,AZ,DH,Hitter,2026-09-24T18:34:59+00:00
518876,AZ,P,Pitcher,2026-09-24T18:34:59+00:00
647336,AZ,P,Pitcher,2026-09-24T18:34:59+00:00
571448,AZ,3B,Infielder,2026-09-24T18:34:59+00:00
656976,AZ,1B,Infielder,2026-09-24T18:34:59+00:00
814439,AZ,CF,Outfielder,2026-09-24T18:34:59+00:00
669194,AZ,P,Pitcher,2026-09-24T18:34:59+00:00
664199,AZ,P,Pitcher,2026-09-24T18:34:59+00:00
694374,AZ,1B,Infielder,2026-09-24T18:34:59+00:00
668678,AZ,P,Pitcher,2026-09-24T18:34:59+00:00
695380,BAL,P,Pitcher,2026-09-24T18:34:59+00:00
552640,BAL,P,Pitcher,2026-09-24T18:34:59+00:00
689296,BAL,P,Pitcher,2026-09-24T18:34:59+00:00
687064,BAL,P,Pitcher,2026-09-24T18:34:59+00:00
676742,BAL,P,Pitcher,2026-09-24T18:34:59+00:00
665966,BAL,C,Catcher,2026-09-24T18:34:59+00:00
605135,BAL,P,Pitcher,2026-09-24T18:34:59+00:00
687952,BAL,3B,Infielder,2026-09-24T18:34:59+00:00
681047,BAL,CF,Outfielder,2026-09-24T18:34:59+00:00
691723,BAL,3B,Infielder,2026-09-24T18:34:59+00:00
681297,BAL,CF,Outfielder,2026-09-24T18:34:59+00:00
687637,BAL,LF,Outfielder,2026-09-24T18:34:59+00:00
642585,BAL,P,Pitcher,2026-09-24T18:34:59+00:00
664991,BAL,P,Pitcher,2026-09-24T18:34:59+00:00
683002,BAL,SS,Infielder,2026-09-24T18:34:59+00:00
677008,BAL,LF,Outfielder,2026-09-24T18:34:59+00:00
669236,BAL,2B,Infielder,2026-09-24T18:34:59+00:00
676480,BAL,SS,Infielder,2026-09-24T18:34:59+00:00
677020,BAL,P,Pitcher,2026-09-24T18:34:59+00:00
665750,BAL,CF,Outfielder,2026-09-24T18:34:59+00:00
624413,BAL,1B,Infielder,2026-09-24T18:34:59+00:00
677956,BAL,RF,Outfielder,2026-09-24T18:34:59+00:00
670329,BAL,P,Pitcher,2026-09-24T18:34:59+00:00
669358,BAL,P,Pitcher,2026-09-24T18:34:59+00:00
669432,BAL,P,Pitcher,2026-09-24T18:34:59+00:00
694346,BAL,P,Pitcher,2026-09-24T18:34:59+00:00
666974,BAL,P,Pitcher,2026-09-24T18:34:59+00:00
650968,BAL,C,Catcher,2026-09-24T18:34:59+00:00
668939,BOS,C,Catcher,2026-09-24T18:34:59+00:00
687941,BOS,P,Pitcher,2026-09-24T18:34:59+00:00
655316,BOS,SS,Infielder,2026-09-24T18:34:59+00:00
547973,BOS,P,Pitcher,2026-09-24T18:34:59+00:00
678394,BOS,P,Pitcher,2026-09-24T18:34:59+00:00
702332,BOS,3B,Infielder,2026-09-24T18:34:59+00:00
678882,BOS,CF,Outfielder,2026-09-24T18:34:59+00:00
657136,BOS,C,Catcher,2026-09-24T18:34:59+00:00
669062,BOS,P,Pitcher,2026-09-24T18:34:59+00:00
676477,BOS,P,Pitcher,2026-09-24T18:34:59+00:00
669711,BOS,P,Pitcher,2026-09-24T18:34:59+00:00
643396,BOS,2B,Infielder,2026-09-24T18:34:59+00:00
663330,BOS,DH,Hitter,2026-09-24T18:34:59+00:00
687562,BOS,P,Pitcher,2026-09-24T18:34:59+00:00
680776,BOS,LF,Outfielder,2026-09-24T18:34:59+00:00
663558,BOS,P,Pitcher,2026-09-24T18:34:59+00:00
681508,BOS,DH,Hitter,2026-09-24T18:34:59+00:00
686765,BOS,2B,Infielder,2026-09-24T18:34:59+00:00
663776,BOS,P,Pitcher,2026-09-24T18:34:59+00:00
801139,BOS,P,Pitcher,2026-09-24T18:34:59+00:00
624133,BOS,P,Pitcher,2026-09-24T18:34:59+00:00
670103,BOS,P,Pitcher,2026-09-24T18:34:59+00:00
701350,BOS,LF,Outfielder,2026-09-24T18:34:59+00:00
543243,BOS,P,Pitcher,2026-09-24T18:34:59+00:00
596115,BOS,SS,Infielder,2026-09-24T18:34:59+00:00
594027,BOS,P,Pitcher,2026-09-24T18:34:59+00:00
575929,BOS,1B,Infielder,2026-09-24T18:34:59+00:00
677800,BOS,RF,Outfielder,2026-09-24T18:34:59+00:00
650644,CHC,P,Pitcher,2026-09-24T18:34:59+00:00
608324,CHC,3B,Infielder,2026-09-24T18:34:59+00:00
573204,CHC,P,Pitcher,2026-09-24T18:34:59+00:00
608348,CHC,C,Catcher,2026-09-24T18:34:59+00:00
605280,CHC,P,Pitcher,2026-09-24T18:34:59+00:00
607067,CHC,P,Pitcher,2026-09-24T18:34:59+00:00
694037,CHC,P,Pitcher,2026-09-24T18:34:59+00:00
621020,CHC,SS,Infielder,2026-09-24T18:34:59+00:00
656849,CHC,P,Pitcher,2026-09-24T18:34:59+00:00
665795,CHC,P,Pitcher,2026-09-24T18:34:59+00:00
672356,CHC,3B,Infielder,2026-09-24T18:34:59+00:00
664023,CHC,LF,Outfielder,2026-09-24T18:34:59+00:00
657097,CHC,P,Pitcher,2026-09-24T18:34:59+00:00
665871,CHC,P,Pitcher,2026-09-24T18:34:59+00:00
592332,CHC,P,Pitcher,2026-09-24T18:34:59+00:00
807713,CHC,RF,Outfielder,2026-09-24T18:34:59+00:00
571510,CHC,P,Pitcher,2026-09-24T18:34:59+00:00
683737,CHC,1B,Infielder,2026-09-24T18:34:59+00:00
624424,CHC,DH,Hitter,2026-09-24T18:34:59+00:00
665804,CHC,C,Catcher,2026-09-24T18:34:59+00:00
663538,CHC,2B,Infielder,2026-09-24T18:34:59+00:00
699393,CHC,2B,Infielder,2026-09-24T18:34:59+00:00
691718,CHC,CF,Outfielder,2026-09-24T18:34:59+00:00
669020,CHC,P,Pitcher,2026-09-24T18:34:59+00:00
666171,CHC,P,Pitcher,2026-09-24T18:34:59+00:00
673548,CHC,RF,Outfielder,2026-09-24T18:34:59+00:00
684007,CHC,P,Pitcher,2026-09-24T18:34:59+00:00
621438,CHC,LF,Outfielder,2026-09-24T18:34:59+00:00
671096,CIN,P,Pitcher,2026-09-24T18:34:59+00:00
663903,CIN,P,Pitcher,2026-09-24T18:34:59+00:00
682227,CIN,P,Pitcher,2026-09-24T18:34:59+00:00
656271,CIN,P,Pitcher,2026-09-24T18:34:59+00:00
699115,CIN,CF,Outfielder,2026-09-24T18:34:59+00:00
686730,CIN,P,Pitcher,2026-09-24T18:34:59+00:00
683175,CIN,P,Pitcher,2026-09-24T18:34:59+00:00
667472,CIN,CF,Outfielder,2026-09-24T18:34:59+00:00
682829,CIN,SS,Infielder,2026-09-24T18:34:59+00:00
641941,CIN,P,Pitcher,2026-09-24T18:34:59+00:00
553993,CIN,DH,Hitter,2026-09-24T18:34:59+00:00
668933,CIN,P,Pitcher,2026-09-24T18:34:59+00:00
699302,CIN,RF,Outfielder,2026-09-24T18:34:59+00:00
668709,CIN,LF,Outfielder,2026-09-24T18:34:59+00:00
624431,CIN,C,Catcher,2026-09-24T18:34:59+00:00
682877,CIN,2B,Infielder,2026-09-24T18:34:59+00:00
663647,CIN,3B,Infielder,2026-09-24T18:34:59+00:00
682825,CIN,P,Pitcher,2026-09-24T18:34:59+00:00
680574,CIN,2B,Infielder,2026-09-24T18:34:59+00:00
666157,CIN,P,Pitcher,2026-09-24T18:34:59+00:00
665828,CIN,3B,Infielder,2026-09-24T18:34:59+00:00
572955,CIN,P,Pitcher,2026-09-24T18:34:59+00:00
695076,CIN,P,Pitcher,2026-09-24T18:34:59+00:00
701398,CIN,1B,Infielder,2026-09-24T18:34:59+00:00
622088,CIN,P,Pitcher,2026-09-24T18:34:59+00:00
663886,CIN,C,Catcher,2026-09-24T18:34:59+00:00
677943,CIN,C,Catcher,2026-09-24T18:34:59+00:00
685112,CIN,P,Pitcher,2026-09-24T18:34:59+00:00
694197,CLE,2B,Infielder,2026-09-24T18:34:59+00:00
682657,CLE,LF,Outfielder,2026-09-24T18:34:59+00:00
595978,CLE,C,Catcher,2026-09-24T18:34:59+00:00
677587,CLE,SS,Infielder,2026-09-24T18:34:59+00:00
671922,CLE,P,Pitcher,2026-09-24T18:34:59+00:00
800050,CLE,RF,Outfielder,2026-09-24T18:34:59+00:00
684974,CLE,P,Pitcher,2026-09-24T18:34:59+00:00
682982,CLE,P,Pitcher,2026-09-24T18:34:59+00:00
682177,CLE,CF,Outfielder,2026-09-24T18:34:59+00:00
681807,CLE,RF,Outfielder,2026-09-24T18:34:59+00:00
681870,CLE,P,Pitcher,2026-09-24T18:34:59+00:00
656492,CLE,P,Pitcher,2026-09-24T18:34:59+00:00
668909,CLE,P,Pitcher,2026-09-24T18:34:59+00:00
683769,CLE,P,Pitcher,2026-09-24T18:34:59+00:00
666176,CLE,RF,Outfielder,2026-09-24T18:34:59+00:00
676282,CLE,P,Pitcher,2026-09-24T18:34:59+00:00
608070,CLE,3B,Infielder,2026-09-24T18:34:59+00:00
670036,CLE,P,Pitcher,2026-09-24T18:34:59+00:00
663993,CLE,1B,Infielder,2026-09-24T18:34:59+00:00
800048,CLE,P,Pitcher,2026-09-24T18:34:59+00:00
672275,CLE,C,Catcher,2026-09-24T18:34:59+00:00
690984,CLE,CF,Outfielder,2026-09-24T18:34:59+00:00
542888,CLE,P,Pitcher,2026-09-24T18:34:59+00:00
677944,CLE,P,Pitcher,2026-09-24T18:34:59+00:00
680757,CLE,LF,Outfielder,2026-09-24T18:34:59+00:00
676440,CLE,P,Pitcher,2026-09-24T18:34:59+00:00
682120,CLE,P,Pitcher,2026-09-24T18:34:59+00:00
683953,CLE,2B,Infielder,2026-09-24T18:34:59+00:00
691182,COL,2B,Infielder,2026-09-24T18:34:59+00:00
690924,COL,DH,Hitter,2026-09-24T18:34:59+00:00
657514,COL,P,Pitcher,2026-09-24T18:34:59+00:00
664954,COL,C,Catcher,2026-09-24T18:34:59+00:00
694249,COL,CF,Outfielder,2026-09-24T18:34:59+00:00
681393,COL,2B,Infielder,2026-09-24T18:34:59+00:00
678662,COL,SS,Infielder,2026-09-24T18:34:59+00:00
696100,COL,C,Catcher,2026-09-24T18:34:59+00:00
677955,COL,P,Pitcher,2026-09-24T18:34:59+00:00
664983,COL,LF,Outfielder,2026-09-24T18:34:59+00:00
623474,COL,P,Pitcher,2026-09-24T18:34:59+00:00
687597,COL,LF,Outfielder,2026-09-24T18:34:59+00:00
605447,COL,P,Pitcher,2026-09-24T18:34:59+00:00
500779,COL,P,Pitcher,2026-09-24T18:34:59+00:00
675848,COL,P,Pitcher,2026-09-24T18:34:59+00:00
607536,COL,P,Pitcher,2026-09-24T18:34:59+00:00
691720,COL,3B,Infielder,2026-09-24T18:34:59+00:00
815081,COL,P,Pitcher,2026-09-24T18:34:59+00:00
690279,COL,P,Pitcher,2026-09-24T18:34:59+00:00
666160,COL,LF,Outfielder,2026-09-24T18:34:59+00:00
693308,COL,P,Pitcher,2026-09-24T18:34:59+00:00
663372,COL,P,Pitcher,2026-09-24T18:34:59+00:00
681198,COL,1B,Infielder,2026-09-24T18:34:59+00:00
685299,COL,P,Pitcher,2026-09-24T18:34:59+00:00
608372,COL,P,Pitcher,2026-09-24T18:34:59+00:00
687859,COL,RF,Outfielder,2026-09-24T18:34:59+00:00
691728,COL,LF,Outfielder,2026-09-24T18:34:59+00:00
688642,COL,P,Pitcher,2026-09-24T18:34:59+00:00
808825,DET,P,Pitcher,2026-09-24T18:34:59+00:00
689225,DET,P,Pitcher,2026-09-24T18:34:59+00:00
701162,DET,RF,Outfielder,2026-09-24T18:34:59+00:00
676428,DET,P,Pitcher,2026-09-24T18:34:59+00:00
814430,DET,LF,Outfielder,2026-09-24T18:34:59+00:00
693307,DET,C,Catcher,2026-09-24T18:34:59+00:00
623454,DET,P,Pitcher,2026-09-24T18:34:59+00:00
805427,DET,P,Pitcher,2026-09-24T18:34:59+00:00
680664,DET,DH,Hitter,2026-09-24T18:34:59+00:00
664285,DET,P,Pitcher,2026-09-24T18:34:59+00:00
650402,DET,2B,Infielder,2026-09-24T18:34:59+00:00
701678,DET,2B,Infielder,2026-09-24T18:34:59+00:00
690291,DET,3B,Infielder,2026-09-24T18:34:59+00:00
695549,DET,P,Pitcher,2026-09-24T18:34:59+00:00
621097,DET,P,Pitcher,2026-09-24T18:34:59+00:00
595879,DET,SS,Infielder,2026-09-24T18:34:59+00:00
807726,DET,SS,Infielder,2026-09-24T18:34:59+00:00
672456,DET,P,Pitcher,2026-09-24T18:34:59+00:00
445276,DET,P,Pitcher,2026-09-24T18:34:59+00:00
805808,DET,SS,Infielder,2026-09-24T18:34:59+00:00
703601,DET,CF,Outfielder,2026-09-24T18:34:59+00:00
682985,DET,LF,Outfielder,2026-09-24T18:34:59+00:00
689981,DET,P,Pitcher,2026-09-24T18:34:59+00:00
679529,DET,1B,Infielder,2026-09-24T18:34:59+00:00
680744,DET,P,Pitcher,2026-09-24T18:34:59+00:00
663947,DET,P,Pitcher,2026-09-24T18:34:59+00:00
641755,DET,P,Pitcher,2026-09-24T18:34:59+00:00
656716,DET,RF,Outfielder,2026-09-24T18:34:59+00:00
805123,HOU,P,Pitcher,2026-09-24T18:34:59+00:00
656986,HOU,P,Pitcher,2026-09-24T18:34:59+00:00
650556,HOU,P,Pitcher,2026-09-24T18:34:59+00:00
687911,HOU,P,Pitcher,2026-09-24T18:34:59+00:00
701358,HOU,RF,Outfielder,2026-09-24T18:34:59+00:00
543877,HOU,C,Catcher,2026-09-24T18:34:59+00:00
572233,HOU,1B,Infielder,2026-09-24T18:34:59+00:00
662139,HOU,CF,Outfielder,2026-09-24T18:34:59+00:00
814490,HOU,P,Pitcher,2026-09-24T18:34:59+00:00
669713,HOU,P,Pitcher,2026-09-24T18:34:59+00:00
686613,HOU,P,Pitcher,2026-09-24T18:34:59+00:00
670623,HOU,3B,Infielder,2026-09-24T18:34:59+00:00
665161,HOU,SS,Infielder,2026-09-24T18:34:59+00:00
514888,HOU,2B,Infielder,2026-09-24T18:34:59+00:00
623352,HOU,P,Pitcher,2026-09-24T18:34:59+00:00
681973,HOU,P,Pitcher,2026-09-24T18:34:59+00:00
664774,HOU,LF,Outfielder,2026-09-24T18:34:59+00:00
701121,HOU,P,Pitcher,2026-09-24T18:34:59+00:00
828599,HOU,CF,Outfielder,2026-09-24T18:34:59+00:00
699044,HOU,P,Pitcher,2026-09-24T18:34:59+00:00
676369,HOU,LF,Outfielder,2026-09-24T18:34:59+00:00
669397,HOU,SS,Infielder,2026-09-24T18:34:59+00:00
663567,HOU,P,Pitcher,2026-09-24T18:34:59+00:00
669854,HOU,P,Pitcher,2026-09-24T18:34:59+00:00
837227,HOU,P,Pitcher,2026-09-24T18:34:59+00:00
666211,HOU,LF,Outfielder,2026-09-24T18:34:59+00:00
673237,HOU,C,Catcher,2026-09-24T18:34:59+00:00
670541,HOU,DH,Hitter,2026-09-24T18:34:59+00:00
656638,KC,P,Pitcher,2026-09-24T18:34:59+00:00
543238,KC,P,Pitcher,2026-09-24T18:34:59+00:00
677951,KC,SS,Infielder,2026-09-24T18:34:59+00:00
695600,KC,C,Catcher,2026-09-24T18:34:59+00:00
671162,KC,P,Pitcher,2026-09-24T18:34:59+00:00
663738,KC,P,Pitcher,2026-09-24T18:34:59+00:00
686555,KC,LF,Outfielder,2026-09-24T18:34:59+00:00
695506,KC,RF,Outfielder,2026-09-24T18:34:59+00:00
670231,KC,RF,Outfielder,2026-09-24T18:34:59+00:00
621016,KC,P,Pitcher,2026-09-24T18:34:59+00:00
668942,KC,3B,Infielder,2026-09-24T18:34:59+00:00
664728,KC,CF,Outfielder,2026-09-24T18:34:59+00:00
668674,KC,P,Pitcher,2026-09-24T18:34:59+00:00
571912,KC,C,Catcher,2026-09-24T18:34:59+00:00
672580,KC,3B,Infielder,2026-09-24T18:34:59+00:00
686681,KC,2B,Infielder,2026-09-24T18:34:59+00:00
608379,KC,P,Pitcher,2026-09-24T18:34:59+00:00
663878,KC,P,Pitcher,2026-09-24T18:34:59+00:00
679845,KC,3B,Infielder,2026-09-24T18:34:59+00:00
702070,KC,P,Pitcher,2026-09-24T18:34:59+00:00
676510,KC,P,Pitcher,2026-09-24T18:34:59+00:00
677976,KC,P,Pitcher,2026-09-24T18:34:59+00:00
521692,KC,DH,Hitter,2026-09-24T18:34:59+00:00
607625,KC,P,Pitcher,2026-09-24T18:34:59+00:00
702352,KC,P,Pitcher,2026-09-24T18:34:59+00:00
664062,KC,P,Pitcher,2026-09-24T18:34:59+00:00
686475,KC,SS,Infielder,2026-09-24T18:34:59+00:00
686469,KC,1B,Infielder,2026-09-24T18:34:59+00:00
669743,LAD,LF,Outfielder,2026-09-24T18:34:59+00:00
690976,LAD,2B,Infielder,2026-09-24T18:34:59+00:00
681911,LAD,P,Pitcher,2026-09-24T18:34:59+00:00
681624,LAD,CF,Outfielder,2026-09-24T18:34:59+00:00
605483,LAD,P,Pitcher,2026-09-24T18:34:59+00:00
595014,LAD,P,Pitcher,2026-09-24T18:34:59+00:00
592779,LAD,P,Pitcher,2026-09-24T18:34:59+00:00
621242,LAD,P,Pitcher,2026-09-24T18:34:59+00:00
571771,LAD,3B,Infielder,2026-09-24T18:34:59+00:00
623465,LAD,P,Pitcher,2026-09-24T18:34:59+00:00
518692,LAD,1B,Infielder,2026-09-24T18:34:59+00:00
676439,LAD,C,Catcher,2026-09-24T18:34:59+00:00
676263,LAD,P,Pitcher,2026-09-24T18:34:59+00:00
680736,LAD,P,Pitcher,2026-09-24T18:34:59+00:00
663460,LAD,P,Pitcher,2026-09-24T18:34:59+00:00
663656,LAD,RF,Outfielder,2026-09-24T18:34:59+00:00
571970,LAD,3B,Infielder,2026-09-24T18:34:59+00:00
500743,LAD,2B,Infielder,2026-09-24T18:34:59+00:00
605141,LAD,SS,Infielder,2026-09-24T18:34:59+00:00
808963,LAD,P,Pitcher,2026-09-24T18:34:59+00:00
660271,LAD,TWP,Two-Way Player,2026-09-24T18:34:59+00:00
656945,LAD,P,Pitcher,2026-09-24T18:34:59+00:00
669373,LAD,P,Pitcher,2026-09-24T18:34:59+00:00
606192,LAD,LF,Outfielder,2026-09-24T18:34:59+00:00
669242,LAD,2B,Infielder,2026-09-24T18:34:59+00:00
607192,LAD,P,Pitcher,2026-09-24T18:34:59+00:00
669257,LAD,C,Catcher,2026-09-24T18:34:59+00:00
808967,LAD,P,Pitcher,2026-09-24T18:34:59+00:00
694673,WSH,1B,Infielder,2026-09-24T18:34:59+00:00
665953,WSH,1B,Infielder,2026-09-24T18:34:59+00:00
674841,WSH,P,Pitcher,2026-09-24T18:34:59+00:00
695418,WSH,P,Pitcher,2026-09-24T18:34:59+00:00
691781,WSH,3B,Infielder,2026-09-24T18:34:59+00:00
682928,WSH,SS,Infielder,2026-09-24T18:34:59+00:00
676917,WSH,P,Pitcher,2026-09-24T18:34:59+00:00
687792,WSH,P,Pitcher,2026-09-24T18:34:59+00:00
695734,WSH,LF,Outfielder,2026-09-24T18:34:59+00:00
686611,WSH,RF,Outfielder,2026-09-24T18:34:59+00:00
680899,WSH,P,Pitcher,2026-09-24T18:34:59+00:00
681402,WSH,P,Pitcher,2026-09-24T18:34:59+00:00
695670,WSH,C,Catcher,2026-09-24T18:34:59+00:00
695378,WSH,P,Pitcher,2026-09-24T18:34:59+00:00
696285,WSH,CF,Outfielder,2026-09-24T18:34:59+00:00
663623,WSH,P,Pitcher,2026-09-24T18:34:59+00:00
695578,WSH,RF,Outfielder,2026-09-24T18:34:59+00:00
678391,WSH,3B,Infielder,2026-09-24T18:34:59+00:00
677588,WSH,DH,Hitter,2026-09-24T18:34:59+00:00
680686,WSH,P,Pitcher,2026-09-24T18:34:59+00:00
660688,WSH,C,Catcher,2026-09-24T18:34:59+00:00
691384,WSH,P,Pitcher,2026-09-24T18:34:59+00:00
683083,WSH,2B,Infielder,2026-09-24T18:34:59+00:00
663992,WSH,P,Pitcher,2026-09-24T18:34:59+00:00
683000,WSH,P,Pitcher,2026-09-24T18:34:59+00:00
702021,WSH,P,Pitcher,2026-09-24T18:34:59+00:00
691002,WSH,1B,Infielder,2026-09-24T18:34:59+00:00
672442,WSH,P,Pitcher,2026-09-24T18:34:59+00:00
805999,NYM,CF,Outfielder,2026-09-24T18:34:59+00:00
681810,NYM,P,Pitcher,2026-09-24T18:34:59+00:00
666182,NYM,3B,Infielder,2026-09-24T18:34:59+00:00
683146,NYM,3B,Infielder,2026-09-24T18:34:59+00:00
701807,NYM,RF,Outfielder,2026-09-24T18:34:59+00:00
666624,NYM,1B,Infielder,2026-09-24T18:34:59+00:00
672335,NYM,P,Pitcher,2026-09-24T18:34:59+00:00
665506,NYM,OF,Outfielder,2026-09-24T18:34:59+00:00
673380,NYM,P,Pitcher,2026-09-24T18:34:59+00:00
642207,NYM,P,Pitcher,2026-09-24T18:34:59+00:00
682626,NYM,C,Catcher,2026-09-24T18:34:59+00:00
596019,NYM,SS,Infielder,2026-09-24T18:34:59+00:00
674073,NYM,P,Pitcher,2026-09-24T18:34:59+00:00
642376,NYM,P,Pitcher,2026-09-24T18:34:59+00:00
804636,NYM,P,Pitcher,2026-09-24T18:34:59+00:00
702752,NYM,P,Pitcher,2026-09-24T18:34:59+00:00
665742,NYM,LF,Outfielder,2026-09-24T18:34:59+00:00
673540,NYM,P,Pitcher,2026-09-24T18:34:59+00:00
620443,NYM,C,Catcher,2026-09-24T18:34:59+00:00
543760,NYM,2B,Infielder,2026-09-24T18:34:59+00:00
668901,NYM,1B,Infielder,2026-09-24T18:34:59+00:00
681320,NYM,P,Pitcher,2026-09-24T18:34:59+00:00
703492,NYM,LF,Outfielder,2026-09-24T18:34:59+00:00
690997,NYM,P,Pitcher,2026-09-24T18:34:59+00:00
677595,NYM,SS,Infielder,2026-09-24T18:34:59+00:00
640455,NYM,P,Pitcher,2026-09-24T18:34:59+00:00
668964,NYM,P,Pitcher,2026-09-24T18:34:59+00:00
804267,NYM,P,Pitcher,2026-09-24T18:34:59+00:00
675961,ATH,SS,Infielder,2026-09-24T18:34:59+00:00
669620,ATH,P,Pitcher,2026-09-24T18:34:59+00:00
661531,ATH,C,Catcher,2026-09-24T18:34:59+00:00
666126,ATH,RF,Outfielder,2026-09-24T18:34:59+00:00
688297,ATH,P,Pitcher,2026-09-24T18:34:59+00:00
672016,ATH,CF,Outfielder,2026-09-24T18:34:59+00:00
622268,ATH,2B,Infielder,2026-09-24T18:34:59+00:00
680723,ATH,P,Pitcher,2026-09-24T18:34:59+00:00
665660,ATH,P,Pitcher,2026-09-24T18:34:59+00:00
664129,ATH,P,Pitcher,2026-09-24T18:34:59+00:00
703607,ATH,CF,Outfielder,2026-09-24T18:34:59+00:00
663687,ATH,P,Pitcher,2026-09-24T18:34:59+00:00
678022,ATH,P,Pitcher,2026-09-24T18:34:59+00:00
682052,ATH,P,Pitcher,2026-09-24T18:34:59+00:00
643446,ATH,2B,Infielder,2026-09-24T18:34:59+00:00
605488,ATH,P,Pitcher,2026-09-24T18:34:59+00:00
641680,ATH,C,Catcher,2026-09-24T18:34:59+00:00
811965,ATH,3B,Infielder,2026-09-24T18:34:59+00:00
671732,ATH,RF,Outfielder,2026-09-24T18:34:59+00:00
665622,ATH,P,Pitcher,2026-09-24T18:34:59+00:00
686930,ATH,P,Pitcher,2026-09-24T18:34:59+00:00
683021,ATH,2B,Infielder,2026-09-24T18:34:59+00:00
656240,ATH,P,Pitcher,2026-09-24T18:34:59+00:00
686751,ATH,P,Pitcher,2026-09-24T18:34:59+00:00
669127,ATH,C,Catcher,2026-09-24T18:34:59+00:00
695720,ATH,3B,Infielder,2026-09-24T18:34:59+00:00
814305,ATH,P,Pitcher,2026-09-24T18:34:59+00:00
680869,ATH,3B,Infielder,2026-09-24T18:34:59+00:00
699008,PIT,P,Pitcher,2026-09-24T18:34:59+00:00
695257,PIT,CF,Outfielder,2026-09-24T18:34:59+00:00
685126,PIT,P,Pitcher,2026-09-24T18:34:59+00:00
664040,PIT,2B,Infielder,2026-09-24T18:34:59+00:00
668804,PIT,LF,Outfielder,2026-09-24T18:34:59+00:00
696149,PIT,P,Pitcher,2026-09-24T18:34:59+00:00
669387,PIT,P,Pitcher,2026-09-24T18:34:59+00:00
681895,PIT,P,Pitcher,2026-09-24T18:34:59+00:00
642397,PIT,P,Pitcher,2026-09-24T18:34:59+00:00
680779,PIT,C,Catcher,2026-09-24T18:34:59+00:00
694378,PIT,SS,Infielder,2026-09-24T18:34:59+00:00
663968,PIT,CF,Outfielder,2026-09-24T18:34:59+00:00
683003,PIT,P,Pitcher,2026-09-24T18:34:59+00:00
669707,PIT,SS,Infielder,2026-09-24T18:34:59+00:00
489446,PIT,P,Pitcher,2026-09-24T18:34:59+00:00
804606,PIT,SS,Infielder,2026-09-24T18:34:59+00:00
669199,PIT,P,Pitcher,2026-09-24T18:34:59+00:00
596133,PIT,P,Pitcher,2026-09-24T18:34:59+00:00
682254,PIT,P,Pitcher,2026-09-24T18:34:59+00:00
693304,PIT,3B,Infielder,2026-09-24T18:34:59+00:00
665833,PIT,CF,Outfielder,2026-09-24T18:34:59+00:00
694973,PIT,P,Pitcher,2026-09-24T18:34:59+00:00
804668,PIT,C,Catcher,2026-09-24T18:34:59+00:00
682927,PIT,RF,Outfielder,2026-09-24T18:34:59+00:00
656811,PIT,RF,Outfielder,2026-09-24T18:34:59+00:00
687462,PIT,1B,Infielder,2026-09-24T18:34:59+00:00
696062,PIT,P,Pitcher,2026-09-24T18:34:59+00:00
670990,PIT,P,Pitcher,2026-09-24T18:34:59+00:00
670970,SD,P,Pitcher,2026-09-24T18:34:59+00:00
669720,SD,DH,Hitter,2026-09-24T18:34:59+00:00
699134,SD,P,Pitcher,2026-09-24T18:34:59+00:00
663554,SD,P,Pitcher,2026-09-24T18:34:59+00:00
688158,SD,P,Pitcher,2026-09-24T18:34:59+00:00
687957,SD,LF,Outfielder,2026-09-24T18:34:59+00:00
806956,SD,C,Catcher,2026-09-24T18:34:59+00:00
665487,SD,RF,Outfielder,2026-09-24T18:34:59+00:00
666023,SD,C,Catcher,2026-09-24T18:34:59+00:00
701538,SD,CF,Outfielder,2026-09-24T18:34:59+00:00
630105,SD,2B,Infielder,2026-09-24T18:34:59+00:00
687749,SD,RF,Outfielder,2026-09-24T18:34:59+00:00
592094,SD,P,Pitcher,2026-09-24T18:34:59+00:00
606996,SD,P,Pitcher,2026-09-24T18:34:59+00:00
669134,SD,C,Catcher,2026-09-24T18:34:59+00:00
592518,SD,3B,Infielder,2026-09-24T18:34:59+00:00
695243,SD,P,Pitcher,2026-09-24T18:34:59+00:00
650633,SD,P,Pitcher,2026-09-24T18:34:59+00:00
601713,SD,P,Pitcher,2026-09-24T18:34:59+00:00
681190,SD,P,Pitcher,2026-09-24T18:34:59+00:00
592662,SD,P,Pitcher,2026-09-24T18:34:59+00:00
669392,SD,LF,Outfielder,2026-09-24T18:34:59+00:00
823550,SD,2B,Infielder,2026-09-24T18:34:59+00:00
664034,SD,1B,Infielder,2026-09-24T18:34:59+00:00
621111,SD,P,Pitcher,2026-09-24T18:34:59+00:00
593974,SD,P,Pitcher,2026-09-24T18:34:59+00:00
593428,SD,SS,Infielder,2026-09-24T18:34:59+00:00
673513,SD,P,Pitcher,2026-09-24T18:34:59+00:00
662253,SEA,P,Pitcher,2026-09-24T18:34:59+00:00
801126,SEA,SS,Infielder,2026-09-24T18:34:59+00:00
693433,SEA,P,Pitcher,2026-09-24T18:34:59+00:00
682243,SEA,P,Pitcher,2026-09-24T18:34:59+00:00
663728,SEA,C,Catcher,2026-09-24T18:34:59+00:00
672841,SEA,P,Pitcher,2026-09-24T18:34:59+00:00
702284,SEA,2B,Infielder,2026-09-24T18:34:59+00:00
681867,SEA,P,Pitcher,2026-09-24T18:34:59+00:00
686527,SEA,DH,Hitter,2026-09-24T18:34:59+00:00
660825,SEA,P,Pitcher,2026-09-24T18:34:59+00:00
642100,SEA,P,Pitcher,2026-09-24T18:34:59+00:00
669923,SEA,P,Pitcher,2026-09-24T18:34:59+00:00
571948,SEA,P,Pitcher,2026-09-24T18:34:59+00:00
641487,SEA,SS,Infielder,2026-09-24T18:34:59+00:00
640902,SEA,C,Catcher,2026-09-24T18:34:59+00:00
678606,SEA,P,Pitcher,2026-09-24T18:34:59+00:00
647304,SEA,1B,Infielder,2026-09-24T18:34:59+00:00
677594,SEA,CF,Outfielder,2026-09-24T18:34:59+00:00
807739,SEA,P,Pitcher,2026-09-24T18:34:59+00:00
703155,SEA,RF,Outfielder,2026-09-24T18:34:59+00:00
669302,SEA,P,Pitcher,2026-09-24T18:34:59+00:00
703197,SEA,SS,Infielder,2026-09-24T18:34:59+00:00
621074,SEA,P,Pitcher,2026-09-24T18:34:59+00:00
668227,SEA,LF,Outfielder,2026-09-24T18:34:59+00:00
622554,SEA,P,Pitcher,2026-09-24T18:34:59+00:00
621493,SEA,DH,Hitter,2026-09-24T18:34:59+00:00
645302,SEA,RF,Outfielder,2026-09-24T18:34:59+00:00
642215,SEA,3B,Infielder,2026-09-24T18:34:59+00:00
668800,SF,C,Catcher,2026-09-24T18:34:59+00:00
683627,SF,P,Pitcher,2026-09-24T18:34:59+00:00
815589,SF,LF,Outfielder,2026-09-24T18:34:59+00:00
694820,SF,P,Pitcher,2026-09-24T18:34:59+00:00
695391,SF,3B,Infielder,2026-09-24T18:34:59+00:00
693313,SF,P,Pitcher,2026-09-24T18:34:59+00:00
702885,SF,P,Pitcher,2026-09-24T18:34:59+00:00
683766,SF,SS,Infielder,2026-09-24T18:34:59+00:00
701852,SF,C,Catcher,2026-09-24T18:34:59+00:00
687551,SF,CF,Outfielder,2026-09-24T18:34:59+00:00
701474,SF,P,Pitcher,2026-09-24T18:34:59+00:00
681916,SF,P,Pitcher,2026-09-24T18:34:59+00:00
687529,SF,CF,Outfielder,2026-09-24T18:34:59+00:00
671345,SF,P,Pitcher,2026-09-24T18:34:59+00:00
669270,SF,P,Pitcher,2026-09-24T18:34:59+00:00
813841,SF,CF,Outfielder,2026-09-24T18:34:59+00:00
694738,SF,P,Pitcher,2026-09-24T18:34:59+00:00
691785,SF,2B,Infielder,2026-09-24T18:34:59+00:00
683363,SF,P,Pitcher,2026-09-24T18:34:59+00:00
678545,SF,2B,Infielder,2026-09-24T18:34:59+00:00
656529,SF,P,Pitcher,2026-09-24T18:34:59+00:00
814154,SF,LF,Outfielder,2026-09-24T18:34:59+00:00
694376,SF,3B,Infielder,2026-09-24T18:34:59+00:00
805345,SF,P,Pitcher,2026-09-24T18:34:59+00:00
663941,SF,P,Pitcher,2026-09-24T18:34:59+00:00
806367,SF,LF,Outfielder,2026-09-24T18:34:59+00:00
682674,SF,LF,Outfielder,2026-09-24T18:34:59+00:00
805074,SF,P,Pitcher,2026-09-24T18:34:59+00:00
676475,STL,1B,Infielder,2026-09-24T18:34:59+00:00
669467,STL,P,Pitcher,2026-09-24T18:34:59+00:00
663494,STL,LF,Outfielder,2026-09-24T18:34:59+00:00
802408,STL,P,Pitcher,2026-09-24T18:34:59+00:00
685464,STL,P,Pitcher,2026-09-24T18:34:59+00:00
693409,STL,3B,Infielder,2026-09-24T18:34:59+00:00
687309,STL,P,Pitcher,2026-09-24T18:34:59+00:00
666277,STL,P,Pitcher,2026-09-24T18:34:59+00:00
700669,STL,P,Pitcher,2026-09-24T18:34:59+00:00
671056,STL,DH,Hitter,2026-09-24T18:34:59+00:00
802139,STL,2B,Infielder,2026-09-24T18:34:59+00:00
691023,STL,RF,Outfielder,2026-09-24T18:34:59+00:00
665877,STL,LF,Outfielder,2026-09-24T18:34:59+00:00
677865,STL,P,Pitcher,2026-09-24T18:34:59+00:00
681517,STL,P,Pitcher,2026-09-24T18:34:59+00:00
699024,STL,C,Catcher,2026-09-24T18:34:59+00:00
703725,STL,P,Pitcher,2026-09-24T18:34:59+00:00
691026,STL,SS,Infielder,2026-09-24T18:34:59+00:00
669461,STL,P,Pitcher,2026-09-24T18:34:59+00:00
700241,STL,P,Pitcher,2026-09-24T18:34:59+00:00
701675,STL,CF,Outfielder,2026-09-24T18:34:59+00:00
669357,STL,3B,Infielder,2026-09-24T18:34:59+00:00
686780,STL,C,Catcher,2026-09-24T18:34:59+00:00
687273,STL,P,Pitcher,2026-09-24T18:34:59+00:00
676617,STL,P,Pitcher,2026-09-24T18:34:59+00:00
592773,STL,P,Pitcher,2026-09-24T18:34:59+00:00
695336,STL,SS,Infielder,2026-09-24T18:34:59+00:00
687363,STL,CF,Outfielder,2026-09-24T18:34:59+00:00
810938,TB,2B,Infielder,2026-09-24T18:34:59+00:00
811315,TB,P,Pitcher,2026-09-24T18:34:59+00:00
641329,TB,P,Pitcher,2026-09-24T18:34:59+00:00
592155,TB,P,Pitcher,2026-09-24T18:34:59+00:00
668984,TB,P,Pitcher,2026-09-24T18:34:59+00:00
656775,TB,CF,Outfielder,2026-09-24T18:34:59+00:00
802415,TB,LF,Outfielder,2026-09-24T18:34:59+00:00
642121,TB,P,Pitcher,2026-09-24T18:34:59+00:00
656876,TB,P,Pitcher,2026-09-24T18:34:59+00:00
642547,TB,P,Pitcher,2026-09-24T18:34:59+00:00
643377,TB,P,Pitcher,2026-09-24T18:34:59+00:00
693855,TB,P,Pitcher,2026-09-24T18:34:59+00:00
666018,TB,1B,Infielder,2026-09-24T18:34:59+00:00
676356,TB,RF,Outfielder,2026-09-24T18:34:59+00:00
622761,TB,SS,Infielder,2026-09-24T18:34:59+00:00
691406,TB,3B,Infielder,2026-09-24T18:34:59+00:00
687330,TB,P,Pitcher,2026-09-24T18:34:59+00:00
689414,TB,C,Catcher,2026-09-24T18:34:59+00:00
669438,TB,P,Pitcher,2026-09-24T18:34:59+00:00
663743,TB,C,Catcher,2026-09-24T18:34:59+00:00
607259,TB,P,Pitcher,2026-09-24T18:34:59+00:00
680700,TB,2B,Infielder,2026-09-24T18:34:59+00:00
668723,TB,RF,Outfielder,2026-09-24T18:34:59+00:00
571927,TB,P,Pitcher,2026-09-24T18:34:59+00:00
670764,TB,SS,Infielder,2026-09-24T18:34:59+00:00
694494,TB,P,Pitcher,2026-09-24T18:34:59+00:00
683748,TB,RF,Outfielder,2026-09-24T18:34:59+00:00
650490,TB,DH,Hitter,2026-09-24T18:34:59+00:00
696030,TEX,LF,Outfielder,2026-09-24T18:34:59+00:00
607043,TEX,RF,Outfielder,2026-09-24T18:34:59+00:00
681217,TEX,P,Pitcher,2026-09-24T18:34:59+00:00
674003,TEX,P,Pitcher,2026-09-24T18:34:59+00:00
683227,TEX,3B,Infielder,2026-09-24T18:34:59+00:00
608369,TEX,SS,Infielder,2026-09-24T18:34:59+00:00
643376,TEX,C,Catcher,2026-09-24T18:34:59+00:00
553869,TEX,C,Catcher,2026-09-24T18:34:59+00:00
694497,TEX,CF,Outfielder,2026-09-24T18:34:59+00:00
677649,TEX,SS,Infielder,2026-09-24T18:34:59+00:00
686560,TEX,P,Pitcher,2026-09-24T18:34:59+00:00
656641,TEX,P,Pitcher,2026-09-24T18:34:59+00:00
594798,TEX,P,Pitcher,2026-09-24T18:34:59+00:00
669394,TEX,1B,Infielder,2026-09-24T18:34:59+00:00
596001,TEX,P,Pitcher,2026-09-24T18:34:59+00:00
656756,TEX,P,Pitcher,2026-09-24T18:34:59+00:00
673962,TEX,3B,Infielder,2026-09-24T18:34:59+00:00
679822,TEX,2B,Infielder,2026-09-24T18:34:59+00:00
677958,TEX,P,Pitcher,2026-09-24T18:34:59+00:00
669022,TEX,P,Pitcher,2026-09-24T18:34:59+00:00
680737,TEX,CF,Outfielder,2026-09-24T18:34:59+00:00
543135,TEX,P,Pitcher,2026-09-24T18:34:59+00:00
670032,TEX,2B,Infielder,2026-09-24T18:34:59+00:00
682608,TEX,P,Pitcher,2026-09-24T18:34:59+00:00
676395,TEX,P,Pitcher,2026-09-24T18:34:59+00:00
592866,TEX,P,Pitcher,2026-09-24T18:34:59+00:00
641302,TEX,P,Pitcher,2026-09-24T18:34:59+00:00
694671,TEX,LF,Outfielder,2026-09-24T18:34:59+00:00
672386,TOR,C,Catcher,2026-09-24T18:34:59+00:00
665926,TOR,SS,Infielder,2026-09-24T18:34:59+00:00
678218,TOR,C,Catcher,2026-09-24T18:34:59+00:00
680755,TOR,P,Pitcher,2026-09-24T18:34:59+00:00
676454,TOR,P,Pitcher,2026-09-24T18:34:59+00:00
663893,TOR,P,Pitcher,2026-09-24T18:34:59+00:00
703520,TOR,CF,Outfielder,2026-09-24T18:34:59+00:00
669310,TOR,P,Pitcher,2026-09-24T18:34:59+00:00
689149,TOR,P,Pitcher,2026-09-24T18:34:59+00:00
807727,TOR,2B,Infielder,2026-09-24T18:34:59+00:00
695445,TOR,P,Pitcher,2026-09-24T18:34:59+00:00
676914,TOR,LF,Outfielder,2026-09-24T18:34:59+00:00
676391,TOR,2B,Infielder,2026-09-24T18:34:59+00:00
543807,TOR,DH,Hitter,2026-09-24T18:34:59+00:00
667755,TOR,P,Pitcher,2026-09-24T18:34:59+00:00
669701,TOR,2B,Infielder,2026-09-24T18:34:59+00:00
672960,TOR,3B,Infielder,2026-09-24T18:34:59+00:00
686973,TOR,P,Pitcher,2026-09-24T18:34:59+00:00
689254,TOR,P,Pitcher,2026-09-24T18:34:59+00:00
453286,TOR,P,Pitcher,2026-09-24T18:34:59+00:00
664702,TOR,CF,Outfielder,2026-09-24T18:34:59+00:00
664770,TOR,RF,Outfielder,2026-09-24T18:34:59+00:00
623149,TOR,P,Pitcher,2026-09-24T18:34:59+00:00
815873,TOR,DH,Hitter,2026-09-24T18:34:59+00:00
693686,TOR,P,Pitcher,2026-09-24T18:34:59+00:00
702056,TOR,P,Pitcher,2026-09-24T18:34:59+00:00
643511,TOR,P,Pitcher,2026-09-24T18:34:59+00:00
665489,TOR,1B,Infielder,2026-09-24T18:34:59+00:00
621345,MIN,P,Pitcher,2026-09-24T18:34:59+00:00
693306,MIN,1B,Infielder,2026-09-24T18:34:59+00:00
702176,MIN,RF,Outfielder,2026-09-24T18:34:59+00:00
702193,MIN,P,Pitcher,2026-09-24T18:34:59+00:00
668885,MIN,RF,Outfielder,2026-09-24T18:34:59+00:00
641927,MIN,P,Pitcher,2026-09-24T18:34:59+00:00
805346,MIN,SS,Infielder,2026-09-24T18:34:59+00:00
686797,MIN,3B,Infielder,2026-09-24T18:34:59+00:00
687570,MIN,P,Pitcher,2026-09-24T18:34:59+00:00
665152,MIN,P,Pitcher,2026-09-24T18:34:59+00:00
691181,MIN,CF,Outfielder,2026-09-24T18:34:59+00:00
656546,MIN,P,Pitcher,2026-09-24T18:34:59+00:00
657746,MIN,P,Pitcher,2026-09-24T18:34:59+00:00
605137,MIN,DH,Hitter,2026-09-24T18:34:59+00:00
665019,MIN,2B,Infielder,2026-09-24T18:34:59+00:00
681892,MIN,P,Pitcher,2026-09-24T18:34:59+00:00
807712,MIN,2B,Infielder,2026-09-24T18:34:59+00:00
668904,MIN,1B,Infielder,2026-09-24T18:34:59+00:00
680777,MIN,C,Catcher,2026-09-24T18:34:59+00:00
668952,MIN,SS,Infielder,2026-09-24T18:34:59+00:00
671737,MIN,P,Pitcher,2026-09-24T18:34:59+00:00
573124,MIN,P,Pitcher,2026-09-24T18:34:59+00:00
667297,MIN,P,Pitcher,2026-09-24T18:34:59+00:00
701519,MIN,P,Pitcher,2026-09-24T18:34:59+00:00
605170,MIN,C,Catcher,2026-09-24T18:34:59+00:00
805805,MIN,CF,Outfielder,2026-09-24T18:34:59+00:00
672782,MIN,P,Pitcher,2026-09-24T18:34:59+00:00
805673,MIN,P,Pitcher,2026-09-24T18:34:59+00:00
605400,PHI,P,Pitcher,2026-09-24T18:34:59+00:00
664761,PHI,3B,Infielder,2026-09-24T18:34:59+00:00
686934,PHI,P,Pitcher,2026-09-24T18:34:59+00:00
691725,PHI,P,Pitcher,2026-09-24T18:34:59+00:00
669016,PHI,LF,Outfielder,2026-09-24T18:34:59+00:00
548384,PHI,P,Pitcher,2026-09-24T18:34:59+00:00
650559,PHI,RF,Outfielder,2026-09-24T18:34:59+00:00
547180,PHI,1B,Infielder,2026-09-24T18:34:59+00:00
681082,PHI,2B,Infielder,2026-09-24T18:34:59+00:00
663767,PHI,P,Pitcher,2026-09-24T18:34:59+00:00
650911,PHI,P,Pitcher,2026-09-24T18:34:59+00:00
656537,PHI,CF,Outfielder,2026-09-24T18:34:59+00:00
624641,PHI,LF,Outfielder,2026-09-24T18:34:59+00:00
596117,PHI,C,Catcher,2026-09-24T18:34:59+00:00
592663,PHI,C,Catcher,2026-09-24T18:34:59+00:00
661395,PHI,P,Pitcher,2026-09-24T18:34:59+00:00
680742,PHI,P,Pitcher,2026-09-24T18:34:59+00:00
621237,PHI,P,Pitcher,2026-09-24T18:34:59+00:00
664353,PHI,P,Pitcher,2026-09-24T18:34:59+00:00
702222,PHI,CF,Outfielder,2026-09-24T18:34:59+00:00
656941,PHI,DH,Hitter,2026-09-24T18:34:59+00:00
650333,PHI,2B,Infielder,2026-09-24T18:34:59+00:00
676661,PHI,P,Pitcher,2026-09-24T18:34:59+00:00
665561,PHI,C,Catcher,2026-09-24T18:34:59+00:00
621383,PHI,P,Pitcher,2026-09-24T18:34:59+00:00
641835,PHI,P,Pitcher,2026-09-24T18:34:59+00:00
607208,PHI,SS,Infielder,2026-09-24T18:34:59+00:00
554430,PHI,P,Pitcher,2026-09-24T18:34:59+00:00
700363,ATL,P,Pitcher,2026-09-24T18:34:59+00:00
663586,ATL,3B,Infielder,2026-09-24T18:34:59+00:00
608718,ATL,P,Pitcher,2026-09-24T18:34:59+00:00
676551,ATL,RF,Outfielder,2026-09-24T18:34:59+00:00
519242,ATL,P,Pitcher,2026-09-24T18:34:59+00:00
680577,ATL,CF,Outfielder,2026-09-24T18:34:59+00:00
800311,ATL,P,Pitcher,2026-09-24T18:34:59+00:00
642086,ATL,DH,Hitter,2026-09-24T18:34:59+00:00
686948,ATL,C,Catcher,2026-09-24T18:34:59+00:00
689266,ATL,P,Pitcher,2026-09-24T18:34:59+00:00
669276,ATL,P,Pitcher,2026-09-24T18:34:59+00:00
656550,ATL,P,Pitcher,2026-09-24T18:34:59+00:00
673490,ATL,SS,Infielder,2026-09-24T18:34:59+00:00
702275,ATL,P,Pitcher,2026-09-24T18:34:59+00:00
571657,ATL,DH,Hitter,2026-09-24T18:34:59+00:00
527048,ATL,P,Pitcher,2026-09-24T18:34:59+00:00
621566,ATL,1B,Infielder,2026-09-24T18:34:59+00:00
643289,ATL,LF,Outfielder,2026-09-24T18:34:59+00:00
671739,ATL,CF,Outfielder,2026-09-24T18:34:59+00:00
573262,ATL,LF,Outfielder,2026-09-24T18:34:59+00:00
645277,ATL,2B,Infielder,2026-09-24T18:34:59+00:00
628452,ATL,P,Pitcher,2026-09-24T18:34:59+00:00
678061,ATL,P,Pitcher,2026-09-24T18:34:59+00:00
663158,ATL,P,Pitcher,2026-09-24T18:34:59+00:00
660670,ATL,RF,Outfielder,2026-09-24T18:34:59+00:00
669221,ATL,C,Catcher,2026-09-24T18:34:59+00:00
641816,ATL,P,Pitcher,2026-09-24T18:34:59+00:00
682989,ATL,P,Pitcher,2026-09-24T18:34:59+00:00
643217,CWS,DH,Hitter,2026-09-24T18:34:59+00:00
641743,CWS,P,Pitcher,2026-09-24T18:34:59+00:00
695731,CWS,RF,Outfielder,2026-09-24T18:34:59+00:00
686668,CWS,CF,Outfielder,2026-09-24T18:34:59+00:00
663542,CWS,P,Pitcher,2026-09-24T18:34:59+00:00
805367,CWS,2B,Infielder,2026-09-24T18:34:59+00:00
695657,CWS,SS,Infielder,2026-09-24T18:34:59+00:00
689818,CWS,P,Pitcher,2026-09-24T18:34:59+00:00
663436,CWS,P,Pitcher,2026-09-24T18:34:59+00:00
607200,CWS,P,Pitcher,2026-09-24T18:34:59+00:00
691799,CWS,P,Pitcher,2026-09-24T18:34:59+00:00
696146,CWS,P,Pitcher,2026-09-24T18:34:59+00:00
623211,CWS,P,Pitcher,2026-09-24T18:34:59+00:00
668670,CWS,C,Catcher,2026-09-24T18:34:59+00:00
663855,CWS,P,Pitcher,2026-09-24T18:34:59+00:00
691019,CWS,C,Catcher,2026-09-24T18:34:59+00:00
682668,CWS,SS,Infielder,2026-09-24T18:34:59+00:00
678246,CWS,3B,Infielder,2026-09-24T18:34:59+00:00
808959,CWS,1B,Infielder,2026-09-24T18:34:59+00:00
702273,CWS,P,Pitcher,2026-09-24T18:34:59+00:00
545341,CWS,DH,Hitter,2026-09-24T18:34:59+00:00
803011,CWS,LF,Outfielder,2026-09-24T18:34:59+00:00
680732,CWS,P,Pitcher,2026-09-24T18:34:59+00:00
656794,CWS,P,Pitcher,2026-09-24T18:34:59+00:00
502054,CWS,LF,Outfielder,2026-09-24T18:34:59+00:00
670950,CWS,P,Pitcher,2026-09-24T18:34:59+00:00
671976,CWS,CF,Outfielder,2026-09-24T18:34:59+00:00
699823,CWS,P,Pitcher,2026-09-24T18:34:59+00:00
682663,MIA,DH,Hitter,2026-09-24T18:34:59+00:00
687134,MIA,P,Pitcher,2026-09-24T18:34:59+00:00
640459,MIA,C,Catcher,2026-09-24T18:34:59+00:00
806188,MIA,P,Pitcher,2026-09-24T18:34:59+00:00
676534,MIA,P,Pitcher,2026-09-24T18:34:59+00:00
690978,MIA,P,Pitcher,2026-09-24T18:34:59+00:00
691277,MIA,1B,Infielder,2026-09-24T18:34:59+00:00
665923,MIA,RF,Outfielder,2026-09-24T18:34:59+00:00
691587,MIA,P,Pitcher,2026-09-24T18:34:59+00:00
688363,MIA,3B,Infielder,2026-09-24T18:34:59+00:00
665052,MIA,RF,Outfielder,2026-09-24T18:34:59+00:00
681715,MIA,LF,Outfielder,2026-09-24T18:34:59+00:00
667652,MIA,P,Pitcher,2026-09-24T18:34:59+00:00
805300,MIA,CF,Outfielder,2026-09-24T18:34:59+00:00
676083,MIA,P,Pitcher,2026-09-24T18:34:59+00:00
691858,MIA,2B,Infielder,2026-09-24T18:34:59+00:00
691594,MIA,3B,Infielder,2026-09-24T18:34:59+00:00
691788,MIA,C,Catcher,2026-09-24T18:34:59+00:00
694795,MIA,P,Pitcher,2026-09-24T18:34:59+00:00
669065,MIA,1B,Infielder,2026-09-24T18:34:59+00:00
656848,MIA,P,Pitcher,2026-09-24T18:34:59+00:00
672640,MIA,SS,Infielder,2026-09-24T18:34:59+00:00
687473,MIA,P,Pitcher,2026-09-24T18:34:59+00:00
645261,MIA,P,Pitcher,2026-09-24T18:34:59+00:00
663969,MIA,P,Pitcher,2026-09-24T18:34:59+00:00
676604,MIA,P,Pitcher,2026-09-24T18:34:59+00:00
680767,MIA,P,Pitcher,2026-09-24T18:34:59+00:00
669364,MIA,2B,Infielder,2026-09-24T18:34:59+00:00
645305,NYY,C,Catcher,2026-09-24T18:34:59+00:00
642708,NYY,3B,Infielder,2026-09-24T18:34:59+00:00
683011,NYY,SS,Infielder,2026-09-24T18:34:59+00:00
669224,NYY,C,Catcher,2026-09-24T18:34:59+00:00
700250,NYY,DH,Hitter,2026-09-24T18:34:59+00:00
687396,NYY,P,Pitcher,2026-09-24T18:34:59+00:00
693645,NYY,P,Pitcher,2026-09-24T18:34:59+00:00
607074,NYY,P,Pitcher,2026-09-24T18:34:59+00:00
657376,NYY,P,Pitcher,2026-09-24T18:34:59+00:00
641355,NYY,LF,Outfielder,2026-09-24T18:34:59+00:00
670280,NYY,P,Pitcher,2026-09-24T18:34:59+00:00
806146,NYY,SS,Infielder,2026-09-24T18:34:59+00:00
543037,NYY,P,Pitcher,2026-09-24T18:34:59+00:00
671218,NYY,LF,Outfielder,2026-09-24T18:34:59+00:00
665862,NYY,2B,Infielder,2026-09-24T18:34:59+00:00
670167,NYY,P,Pitcher,2026-09-24T18:34:59+00:00
676609,NYY,SS,Infielder,2026-09-24T18:34:59+00:00
671277,NYY,1B,Infielder,2026-09-24T18:34:59+00:00
661563,NYY,P,Pitcher,2026-09-24T18:34:59+00:00
608331,NYY,P,Pitcher,2026-09-24T18:34:59+00:00
605242,NYY,P,Pitcher,2026-09-24T18:34:59+00:00
621112,NYY,P,Pitcher,2026-09-24T18:34:59+00:00
502671,NYY,1B,Infielder,2026-09-24T18:34:59+00:00
641857,NYY,3B,Infielder,2026-09-24T18:34:59+00:00
642232,NYY,P,Pitcher,2026-09-24T18:34:59+00:00
682987,NYY,RF,Outfielder,2026-09-24T18:34:59+00:00
657612,NYY,P,Pitcher,2026-09-24T18:34:59+00:00
701542,NYY,P,Pitcher,2026-09-24T18:34:59+00:00
676879,MIL,P,Pitcher,2026-09-24T18:34:59+00:00
682842,MIL,P,Pitcher,2026-09-24T18:34:59+00:00
683734,MIL,1B,Infielder,2026-09-24T18:34:59+00:00
622608,MIL,P,Pitcher,2026-09-24T18:34:59+00:00
666310,MIL,C,Catcher,2026-09-24T18:34:59+00:00
668930,MIL,2B,Infielder,2026-09-24T18:34:59+00:00
694477,MIL,P,Pitcher,2026-09-24T18:34:59+00:00
592885,MIL,DH,Hitter,2026-09-24T18:34:59+00:00
806198,MIL,SS,Infielder,2026-09-24T18:34:59+00:00
669084,MIL,P,Pitcher,2026-09-24T18:34:59+00:00
666152,MIL,3B,Infielder,2026-09-24T18:34:59+00:00
669160,MIL,P,Pitcher,2026-09-24T18:34:59+00:00
669003,MIL,CF,Outfielder,2026-09-24T18:34:59+00:00
596142,MIL,C,Catcher,2026-09-24T18:34:59+00:00
694192,MIL,LF,Outfielder,2026-09-24T18:34:59+00:00
694819,MIL,P,Pitcher,2026-09-24T18:34:59+00:00
641343,MIL,1B,Infielder,2026-09-24T18:34:59+00:00
668941,MIL,P,Pitcher,2026-09-24T18:34:59+00:00
687401,MIL,SS,Infielder,2026-09-24T18:34:59+00:00
690986,MIL,P,Pitcher,2026-09-24T18:34:59+00:00
701656,MIL,P,Pitcher,2026-09-24T18:34:59+00:00
800325,MIL,RF,Outfielder,2026-09-24T18:34:59+00:00
680689,MIL,P,Pitcher,2026-09-24T18:34:59+00:00
688107,MIL,P,Pitcher,2026-09-24T18:34:59+00:00
686217,MIL,RF,Outfielder,2026-09-24T18:34:59+00:00
675660,MIL,P,Pitcher,2026-09-24T18:34:59+00:00
656730,MIL,P,Pitcher,2026-09-24T18:34:59+00:00
661388,MIL,C,Catcher,2026-09-24T18:34:59+00:00
