player_id,name,role,last_team,last_game,plate_appearances,pitches,qualified
500743,Miguel Rojas,Hitter,LAD,2026-09-23,244,855,True
502671,Paul Goldschmidt,Hitter,NYY,2026-09-22,370,1469,True
514888,José Altuve,Hitter,HOU,2026-09-23,552,1982,True
516782,Starling Marte,Hitter,KC,2026-08-15,167,647,True
518692,Freddie Freeman,Hitter,LAD,2026-09-23,642,2684,True
521692,Salvador Pérez,Hitter,KC,2026-09-23,613,2285,True
542303,Marcell Ozuna,Hitter,PIT,2026-08-01,278,1245,True
543309,Kyle Higashioka,Hitter,TEX,2026-07-20,186,765,True
543510,James Mccann,Hitter,AZ,2026-09-13,152,565,True
543760,Marcus Semien,Hitter,NYM,2026-09-23,536,2016,True
543807,George Springer,Hitter,TOR,2026-09-23,510,2007,True
543877,Christian Vázquez,Hitter,HOU,2026-09-18,262,1016,True
545121,Ildemaro Vargas,Hitter,AZ,2026-09-23,484,1706,True
545341,Randal Grichuk,Hitter,CWS,2026-09-23,268,976,True
545361,Mike Trout,Hitter,LAA,2026-09-23,617,2689,True
547180,Bryce Harper,Hitter,PHI,2026-09-23,674,2668,True
553869,Elías Díaz,Hitter,TEX,2026-09-22,232,915,True
553993,Eugenio Suárez,Hitter,CIN,2026-09-23,481,1996,True
571448,Nolan Arenado,Hitter,AZ,2026-09-23,581,2332,True
571657,Kyle Farmer,Hitter,ATL,2026-09-12,17,54,False
571912,Luke Maile,Hitter,KC,2026-09-20,45,165,True
571970,Max Muncy,Hitter,LAD,2026-09-23,548,2255,True
572233,Christian Walker,Hitter,HOU,2026-09-23,617,2424,True
573262,Mike Yastrzemski,Hitter,ATL,2026-09-23,392,1664,True
575929,Willson Contreras,Hitter,BOS,2026-09-17,532,2072,True
592518,Manny Machado,Hitter,SD,2026-09-23,661,2623,True
592626,Joc Pederson,Hitter,TEX,2026-09-12,432,1732,True
592663,J. T. Realmuto,Hitter,PHI,2026-09-23,453,1803,True
592885,Christian Yelich,Hitter,MIL,2026-09-23,489,2057,True
593428,Xander Bogaerts,Hitter,SD,2026-09-23,596,2324,True
593871,Jorge Polanco,Hitter,NYM,2026-08-17,145,565,True
595879,Javier Báez,Hitter,DET,2026-09-22,191,677,True
595978,Austin Hedges,Hitter,CLE,2026-09-22,242,915,True
596019,Francisco Lindor,Hitter,NYM,2026-09-23,449,1898,True
596117,Garrett Stubbs,Hitter,PHI,2026-09-17,63,228,True
596142,Gary Sánchez,Hitter,MIL,2026-09-19,264,1108,True
596146,Max Kepler,Hitter,AZ,2026-09-05,145,536,True
605137,Josh Bell,Hitter,MIN,2026-09-23,620,2459,True
605141,Mookie Betts,Hitter,LAD,2026-09-23,511,1887,True
605170,Víctor Caratini,Hitter,MIN,2026-09-22,379,1447,True
606192,Teoscar Hernández,Hitter,LAD,2026-09-23,475,1909,True
606466,Ketel Marte,Hitter,AZ,2026-09-23,601,2208,True
606992,Eric Haase,Hitter,SF,2026-07-08,85,319,True
607043,Brandon Nimmo,Hitter,TEX,2026-09-23,638,2513,True
607208,Trea Turner,Hitter,PHI,2026-09-23,680,2582,True
608070,José Ramírez,Hitter,CLE,2026-09-23,527,2174,True
608324,Alex Bregman,Hitter,CHC,2026-09-20,693,2749,True
608348,Carson Kelly,Hitter,CHC,2026-09-23,419,1626,True
608701,Rob Refsnyder,Hitter,SEA,2026-08-01,127,523,True
608841,Joey Meneses,Hitter,ATH,2026-07-12,25,76,True
609280,Miguel Andújar,Hitter,SD,2026-07-19,254,935,True
620443,Luis Torrens,Hitter,NYM,2026-09-22,271,1065,True
621020,Dansby Swanson,Hitter,CHC,2026-09-23,475,1847,True
621438,Tyrone Taylor,Hitter,CHC,2026-09-19,235,867,True
621439,Byron Buxton,Hitter,MIN,2026-08-25,408,1509,True
621493,Taylor Ward,Hitter,SEA,2026-09-23,604,2525,True
621566,Matt Olson,Hitter,ATL,2026-09-23,680,2883,True
622268,Donovan Walton,Hitter,ATH,2026-09-23,255,977,True
622761,Jorge Mateo,Hitter,TB,2026-09-23,213,822,True
623168,Tyler Heineman,Hitter,LAA,2026-09-23,195,676,True
623205,Andrew Velazquez,Hitter,KC,2026-07-31,15,45,False
624413,Pete Alonso,Hitter,BAL,2026-09-23,687,2851,True
624424,Michael Conforto,Hitter,CHC,2026-09-23,300,1215,True
624431,Jose Trevino,Hitter,CIN,2026-09-18,150,532,True
624585,Jorge Soler,Hitter,LAA,2026-08-01,362,1456,True
624641,Edmundo Sosa,Hitter,PHI,2026-09-19,242,878,True
630105,Jake Cronenworth,Hitter,SD,2026-09-23,413,1678,True
640459,Brian Navarreto,Hitter,MIA,2026-09-18,55,224,True
640492,José Azócar,Hitter,ATL,2026-07-07,18,69,False
641343,Jake Bauers,Hitter,MIL,2026-09-23,555,2347,True
641355,Cody Bellinger,Hitter,NYY,2026-09-22,552,2076,True
641487,J. P. Crawford,Hitter,SEA,2026-09-23,473,2027,True
641598,Mitch Garver,Hitter,SEA,2026-08-01,149,632,True
641680,Jonah Heim,Hitter,ATH,2026-09-23,378,1414,True
641857,Ryan Mcmahon,Hitter,NYY,2026-09-23,355,1463,True
641933,Tyler O'Neill,Hitter,BAL,2026-08-22,260,1049,True
642020,Chuckie Robinson,Hitter,LAD,2026-07-01,25,90,True
642086,Dominic Smith,Hitter,ATL,2026-09-23,292,1134,True
642133,Rowdy Tellez,Hitter,ATL,2026-06-30,11,52,False
642201,Eli White,Hitter,BOS,2026-09-08,203,802,True
642215,Weston Wilson,Hitter,SEA,2026-09-23,175,748,True
642350,José Siri,Hitter,LAA,2026-09-23,241,948,True
642708,Amed Rosario,Hitter,NYY,2026-09-19,236,856,True
642715,Willy Adames,Hitter,SF,2026-08-23,504,1979,True
642851,Austin Wynns,Hitter,TEX,2026-08-16,89,338,True
643217,Andrew Benintendi,Hitter,CWS,2026-09-23,454,1721,True
643289,Mauricio Dubón,Hitter,ATL,2026-09-23,604,2236,True
643446,Jeff Mcneil,Hitter,ATH,2026-09-23,505,1757,True
644433,Chadwick Tromp,Hitter,BAL,2026-07-29,50,182,True
645277,Ozzie Albies,Hitter,ATL,2026-09-23,666,2488,True
645302,Víctor Robles,Hitter,SEA,2026-09-12,149,520,True
645305,Ali Sánchez,Hitter,NYY,2026-09-23,88,302,True
646240,Rafael Devers,Hitter,SF,2026-09-12,629,2614,True
647304,Josh Naylor,Hitter,SEA,2026-09-23,631,2106,True
649966,Luis Urías,Hitter,TOR,2026-08-06,59,230,True
650333,Luis Arráez,Hitter,PHI,2026-09-23,653,2451,True
650402,Gleyber Torres,Hitter,DET,2026-09-22,418,1785,True
650489,Willi Castro,Hitter,COL,2026-08-31,480,1899,True
650490,Yandy Díaz,Hitter,TB,2026-09-22,669,2525,True
650559,Bryan De La Cruz,Hitter,PHI,2026-09-23,76,297,True
650859,Luis Rengifo,Hitter,SD,2026-08-29,353,1368,True
650968,Yohel Pozo,Hitter,BAL,2026-09-23,58,201,True
655316,Andruw Monasterio,Hitter,BOS,2026-09-23,336,1456,True
656305,Matt Chapman,Hitter,SF,2026-06-30,349,1424,True
656484,Tristan Gray,Hitter,MIN,2026-08-06,188,732,True
656537,Derek Hill,Hitter,PHI,2026-09-23,214,829,True
656555,Rhys Hoskins,Hitter,CLE,2026-08-18,319,1340,True
656577,Alex Jackson,Hitter,MIN,2026-09-20,73,272,True
656716,Zach Mckinstry,Hitter,DET,2026-09-23,419,1602,True
656775,Cedric Mullins,Hitter,TB,2026-09-23,494,1932,True
656811,Ryan O'Hearn,Hitter,PIT,2026-09-23,437,1679,True
656941,Kyle Schwarber,Hitter,PHI,2026-09-23,680,2950,True
656976,Pavin Smith,Hitter,AZ,2026-09-23,109,433,True
657041,Lane Thomas,Hitter,ATL,2026-09-07,374,1531,True
657136,Connor Wong,Hitter,BOS,2026-09-18,234,886,True
657757,Gavin Sheets,Hitter,SD,2026-08-29,414,1776,True
660271,Shohei Ohtani,Hitter,LAD,2026-09-23,597,2357,True
660670,Ronald Acuña,Hitter,ATL,2026-09-22,456,1831,True
660688,Keibert Ruiz,Hitter,WSH,2026-09-22,348,1104,True
660710,Rodolfo Durán,Hitter,SD,2026-07-12,90,353,True
661388,William Contreras,Hitter,MIL,2026-09-23,626,2253,True
661531,Brian Serven,Hitter,ATH,2026-09-23,83,313,True
662139,Daulton Varsho,Hitter,HOU,2026-09-19,527,2007,True
663330,Jahmai Jones,Hitter,BOS,2026-09-23,174,664,True
663368,Blake Perkins,Hitter,MIL,2026-07-03,102,419,True
663457,Lars Nootbaar,Hitter,AZ,2026-09-23,311,1322,True
663494,Bryan Torres,Hitter,STL,2026-09-22,181,733,True
663538,Nico Hoerner,Hitter,CHC,2026-09-23,672,2397,True
663586,Austin Riley,Hitter,ATL,2026-09-23,613,2478,True
663616,Trevor Larnach,Hitter,MIN,2026-09-13,435,1694,True
663647,Ke'Bryan Hayes,Hitter,CIN,2026-09-23,233,856,True
663656,Kyle Tucker,Hitter,LAD,2026-09-23,608,2416,True
663698,Joey Bart,Hitter,CWS,2026-08-06,128,490,True
663728,Cal Raleigh,Hitter,SEA,2026-09-23,516,2223,True
663743,Nick Fortes,Hitter,TB,2026-09-23,313,1086,True
663757,Trent Grisham,Hitter,NYY,2026-09-04,484,1966,True
663837,Matt Vierling,Hitter,DET,2026-07-29,291,1098,True
663853,Romy Gonzalez,Hitter,BOS,2026-07-29,73,288,True
663886,Tyler Stephenson,Hitter,CIN,2026-09-23,455,1868,True
663968,Jake Mangum,Hitter,PIT,2026-09-23,462,1699,True
663993,Nathaniel Lowe,Hitter,CLE,2026-09-23,416,1740,True
664023,Ian Happ,Hitter,CHC,2026-09-23,625,2681,True
664034,Ty France,Hitter,SD,2026-09-23,484,1924,True
664040,Brandon Lowe,Hitter,PIT,2026-09-23,642,2572,True
664702,Myles Straw,Hitter,TOR,2026-09-23,325,1250,True
664761,Alec Bohm,Hitter,PHI,2026-09-23,614,2250,True
664770,Nathan Lukes,Hitter,TOR,2026-09-23,442,1730,True
664774,Lamonte Wade,Hitter,HOU,2026-09-23,144,661,True
664954,Brett Sullivan,Hitter,COL,2026-09-20,230,810,True
664983,Jake Mccarthy,Hitter,COL,2026-09-23,577,1905,True
665019,Kody Clemens,Hitter,MIN,2026-09-23,569,2206,True
665052,Griffin Conine,Hitter,MIA,2026-09-23,309,1183,True
665161,Jeremy Peña,Hitter,HOU,2026-09-22,462,1698,True
665487,Fernando Tatís,Hitter,SD,2026-09-23,689,2516,True
665489,Vladimir Guerrero,Hitter,TOR,2026-09-23,601,2178,True
665561,Rafael Marchán,Hitter,PHI,2026-09-12,95,370,True
665742,Juan Soto,Hitter,NYM,2026-09-23,456,1855,True
665750,Leody Taveras,Hitter,BAL,2026-09-23,475,1864,True
665804,Miguel Amaya,Hitter,CHC,2026-09-23,246,987,True
665828,Oswaldo Cabrera,Hitter,CIN,2026-09-23,19,74,False
665862,Jazz Chisholm,Hitter,NYY,2026-09-23,527,2168,True
665877,José Fermín,Hitter,STL,2026-09-23,363,1498,True
665923,Esteury Ruiz,Hitter,MIA,2026-09-23,244,978,True
665926,Andrés Giménez,Hitter,TOR,2026-09-23,498,1850,True
665953,Andrés Chaparro,Hitter,WSH,2026-09-23,221,844,True
665966,Carlos Narváez,Hitter,BAL,2026-09-23,279,1123,True
666018,Jonathan Aranda,Hitter,TB,2026-09-23,656,2623,True
666023,Freddy Fermin,Hitter,SD,2026-09-23,260,1008,True
666126,Carlos Cortes,Hitter,ATH,2026-09-23,369,1481,True
666139,Josh Lowe,Hitter,LAA,2026-09-23,331,1413,True
666152,David Hamilton,Hitter,MIL,2026-09-23,375,1511,True
666160,Mickey Moniak,Hitter,COL,2026-09-23,431,1499,True
666176,Jo Adell,Hitter,CLE,2026-09-23,639,2515,True
666182,Bo Bichette,Hitter,NYM,2026-09-23,676,2540,True
666211,Taylor Trammell,Hitter,HOU,2026-09-23,282,1092,True
666397,Edouard Julien,Hitter,COL,2026-08-07,276,1139,True
666971,Lourdes Gurriel,Hitter,AZ,2026-09-11,201,727,True
667472,Dane Myers,Hitter,CIN,2026-09-23,328,1385,True
668227,Randy Arozarena,Hitter,SEA,2026-09-23,650,2677,True
668670,Jake Rogers,Hitter,CWS,2026-09-17,172,688,True
668709,Jj Bleday,Hitter,CIN,2026-09-23,527,2083,True
668715,Spencer Steer,Hitter,CIN,2026-07-26,369,1521,True
668723,Ryan Vilade,Hitter,TB,2026-09-23,263,1057,True
668804,Bryan Reynolds,Hitter,PIT,2026-09-23,690,2689,True
668885,Austin Martin,Hitter,MIN,2026-09-19,354,1375,True
668901,Mark Vientos,Hitter,NYM,2026-09-23,287,1039,True
668904,Royce Lewis,Hitter,MIN,2026-09-23,497,1949,True
668930,Brice Turang,Hitter,MIL,2026-09-23,666,2829,True
668939,Adley Rutschman,Hitter,BOS,2026-09-23,397,1663,True
668942,Josh Rojas,Hitter,KC,2026-09-22,110,396,True
668952,Ryan Kreidler,Hitter,MIN,2026-09-23,264,986,True
669003,Garrett Mitchell,Hitter,MIL,2026-09-23,517,2078,True
669016,Brandon Marsh,Hitter,PHI,2026-09-23,554,2086,True
669065,Kyle Stowers,Hitter,MIA,2026-09-23,508,1939,True
669087,Sam Huff,Hitter,BAL,2026-07-26,34,124,True
669127,Shea Langeliers,Hitter,ATH,2026-09-23,452,1714,True
669134,Luis Campusano,Hitter,SD,2026-09-22,240,982,True
669224,Austin Wells,Hitter,NYY,2026-09-22,382,1560,True
669236,Jeremiah Jackson,Hitter,BAL,2026-09-23,282,1019,True
669242,Tommy Edman,Hitter,LAD,2026-09-23,318,1178,True
669364,Xavier Edwards,Hitter,MIA,2026-09-19,594,2321,True
669384,Raynel Delgado,Hitter,HOU,2026-08-21,41,132,True
669392,Samad Taylor,Hitter,SD,2026-09-23,164,653,True
669394,Jake Burger,Hitter,TEX,2026-09-23,601,2267,True
669397,Nick Allen,Hitter,HOU,2026-09-23,161,575,True
669477,Casey Schmitt,Hitter,SF,2026-07-27,408,1453,True
669699,Braden Shewmake,Hitter,MIL,2026-07-19,90,297,True
669701,Josh Smith,Hitter,TOR,2026-09-23,236,949,True
669707,Jared Triolo,Hitter,PIT,2026-09-23,357,1328,True
669743,Alex Call,Hitter,LAD,2026-09-19,191,838,True
670032,Nicky Lopez,Hitter,TEX,2026-09-23,262,963,True
670042,Luke Raley,Hitter,SEA,2026-07-30,287,1110,True
670097,Zack Short,Hitter,NYM,2026-07-12,62,272,True
670156,Miles Mastrobuoni,Hitter,SEA,2026-07-11,30,107,True
670224,Kameron Misner,Hitter,KC,2026-07-06,44,185,True
670231,John Rave,Hitter,KC,2026-09-23,148,595,True
670541,Yordan Álvarez,Hitter,HOU,2026-09-23,656,2678,True
670623,Isaac Paredes,Hitter,HOU,2026-09-23,640,2839,True
670764,Taylor Walls,Hitter,TB,2026-09-22,422,1663,True
670770,Tj Friedl,Hitter,CIN,2026-09-17,264,1010,True
671056,Iván Herrera,Hitter,STL,2026-09-23,696,2826,True
671083,Buddy Kennedy,Hitter,SF,2026-08-26,49,217,True
671155,Ivan Johnson,Hitter,CIN,2026-08-30,19,72,False
671218,Heliot Ramos,Hitter,NYY,2026-09-23,426,1706,True
671277,Luis García,Hitter,NYY,2026-09-23,536,1971,True
671286,Johnathan Rodríguez,Hitter,BAL,2026-07-22,15,76,False
671289,Tyler Freeman,Hitter,COL,2026-08-08,287,1024,True
671732,Lawrence Butler,Hitter,ATH,2026-09-23,523,2191,True
671739,Michael Harris,Hitter,ATL,2026-09-23,611,2161,True
671976,Tristan Peters,Hitter,CWS,2026-09-23,475,1726,True
672275,Patrick Bailey,Hitter,CLE,2026-09-23,332,1316,True
672356,Gabriel Arias,Hitter,CHC,2026-09-06,146,559,True
672386,Alejandro Kirk,Hitter,TOR,2026-09-23,300,1193,True
672515,Gabriel Moreno,Hitter,AZ,2026-09-23,535,2340,True
672613,Eliezer Alfonzo,Hitter,LAD,2026-09-09,28,94,True
672640,Otto Lopez,Hitter,MIA,2026-09-23,672,2473,True
672695,Geraldo Perdomo,Hitter,AZ,2026-09-23,658,2807,True
672724,Oswald Peraza,Hitter,LAA,2026-09-22,364,1397,True
672960,Kazuma Okamoto,Hitter,TOR,2026-09-23,625,2622,True
673237,Yainer Diaz,Hitter,HOU,2026-09-23,344,1101,True
673357,Luis Robert,Hitter,BAL,2026-09-04,230,884,True
673548,Seiya Suzuki,Hitter,CHC,2026-09-23,620,2689,True
673962,Josh Jung,Hitter,TEX,2026-09-23,439,1604,True
675659,Greg Jones,Hitter,MIL,2026-07-08,24,81,True
675961,Alika Williams,Hitter,ATH,2026-09-23,231,835,True
676356,Jonny Deluca,Hitter,TB,2026-09-23,353,1269,True
676369,Nelson Velázquez,Hitter,HOU,2026-09-23,111,446,True
676391,Ernie Clement,Hitter,TOR,2026-09-23,611,1890,True
676439,Hunter Feduccia,Hitter,LAD,2026-09-20,241,984,True
676475,Alec Burleson,Hitter,STL,2026-09-23,658,2452,True
676551,Brewer Hicklen,Hitter,ATL,2026-09-23,43,167,True
676566,Shawn Ross,Hitter,PIT,2026-07-26,5,21,False
676572,Eric Wagaman,Hitter,NYM,2026-08-25,53,221,True
676609,José Caballero,Hitter,NYY,2026-09-23,448,1819,True
676694,Jake Meyers,Hitter,HOU,2026-08-08,153,546,True
676724,Jared Young,Hitter,NYM,2026-09-17,343,1330,True
676914,Davis Schneider,Hitter,TOR,2026-09-23,148,670,True
677587,Brayan Rocchio,Hitter,CLE,2026-09-23,579,2213,True
677588,José Tena,Hitter,WSH,2026-09-19,287,1168,True
677592,Everson Pereira,Hitter,STL,2026-08-21,111,404,True
677594,Julio Rodríguez,Hitter,SEA,2026-09-23,638,2394,True
677595,Ronny Mauricio,Hitter,NYM,2026-09-19,54,191,True
677649,Ezequiel Duran,Hitter,TEX,2026-09-23,580,2286,True
677800,Wilyer Abreu,Hitter,BOS,2026-09-23,665,2699,True
677870,Leo Jimenez,Hitter,MIA,2026-08-31,195,775,True
677942,Blaze Alexander,Hitter,BAL,2026-09-08,286,1110,True
677951,Bobby Witt,Hitter,KC,2026-09-23,602,2312,True
677956,Rece Hinds,Hitter,BAL,2026-09-21,64,269,True
678011,Anthony Seigler,Hitter,BOS,2026-09-12,174,649,True
678218,Brandon Valenzuela,Hitter,TOR,2026-09-23,269,1098,True
678246,Miguel Vargas,Hitter,CWS,2026-09-23,684,2744,True
678391,Jorbit Vivas,Hitter,WSH,2026-09-22,361,1298,True
678489,Jorge Barrosa,Hitter,HOU,2026-09-16,170,719,True
678545,Osleivis Basabe,Hitter,SF,2026-09-22,141,552,True
678554,Curtis Mead,Hitter,BOS,2026-07-27,328,1403,True
678577,Junior Perez,Hitter,CWS,2026-07-26,36,139,True
678662,Ezequiel Tovar,Hitter,COL,2026-09-23,493,1829,True
678882,Ceddanne Rafaela,Hitter,BOS,2026-09-23,565,2079,True
679529,Spencer Torkelson,Hitter,DET,2026-09-23,601,2553,True
679822,Justin Foscue,Hitter,TEX,2026-09-22,242,975,True
679845,Nick Loftin,Hitter,KC,2026-09-22,424,1596,True
680474,Max Schuemann,Hitter,NYY,2026-08-01,89,358,True
680574,Matt Mclain,Hitter,CIN,2026-09-23,482,1958,True
680664,Eduardo Valencia,Hitter,DET,2026-09-23,124,467,True
680700,Richie Palacios,Hitter,TB,2026-09-23,384,1498,True
680728,Adrian Del Castillo,Hitter,AZ,2026-09-09,194,780,True
680757,Steven Kwan,Hitter,CLE,2026-09-23,623,2556,True
680776,Jarren Duran,Hitter,BOS,2026-09-23,595,2206,True
680777,Ryan Jeffers,Hitter,MIN,2026-09-23,359,1505,True
680779,Henry Davis,Hitter,PIT,2026-09-18,292,1093,True
680869,Zack Gelof,Hitter,ATH,2026-09-23,417,1632,True
681082,Bryson Stott,Hitter,PHI,2026-09-23,591,2450,True
681190,Randy Vásquez,Hitter,SD,2026-07-19,1,1,False
681198,Tj Rumfield,Hitter,COL,2026-09-23,619,2348,True
681297,Colton Cowser,Hitter,BAL,2026-09-23,388,1654,True
681351,Logan O'Hoppe,Hitter,TEX,2026-09-11,275,989,True
681481,Kerry Carpenter,Hitter,DET,2026-07-26,257,1017,True
681546,James Outman,Hitter,DET,2026-08-12,174,691,True
681624,Andy Pages,Hitter,LAD,2026-09-23,560,2264,True
681715,Heriberto Hernandez,Hitter,MIA,2026-09-23,487,1961,True
681807,David Fry,Hitter,CLE,2026-09-22,201,877,True
681909,Justin Dean,Hitter,CHC,2026-07-28,10,37,False
681987,Nate Eaton,Hitter,BOS,2026-09-22,58,248,True
682177,Daniel Schneemann,Hitter,CLE,2026-09-14,282,1127,True
682622,Noelvi Marte,Hitter,CIN,2026-08-17,198,761,True
682626,Francisco Álvarez,Hitter,NYM,2026-09-23,412,1715,True
682634,Kevin Alcántara,Hitter,CHC,2026-08-23,29,118,True
682657,Angel Martínez,Hitter,CLE,2026-09-23,398,1442,True
682668,Luisangel Acuña,Hitter,CWS,2026-09-22,220,762,True
682674,Victor Bericoto,Hitter,SF,2026-09-23,106,400,True
682729,Jonatan Clase,Hitter,TOR,2026-07-19,25,114,True
682818,Yohendrick Pinango,Hitter,TOR,2026-07-29,180,698,True
682829,Elly De La Cruz,Hitter,CIN,2026-09-23,609,2561,True
682848,Endy Rodríguez,Hitter,PIT,2026-08-07,159,612,True
682928,Cj Abrams,Hitter,WSH,2026-09-23,641,2491,True
682985,Riley Greene,Hitter,DET,2026-09-23,580,2431,True
682987,Spencer Jones,Hitter,NYY,2026-09-23,281,1209,True
682988,Tyler Locklear,Hitter,AZ,2026-08-14,42,171,True
682989,Victor Mederos,Hitter,ATL,2026-07-17,1,3,False
682997,Tyler Callihan,Hitter,PIT,2026-07-28,107,424,True
682998,Corbin Carroll,Hitter,AZ,2026-09-23,647,2581,True
683002,Gunnar Henderson,Hitter,BAL,2026-09-23,697,2776,True
683011,Anthony Volpe,Hitter,NYY,2026-09-22,233,931,True
683083,Nasim Nuñez,Hitter,WSH,2026-09-23,482,1943,True
683146,Brett Baty,Hitter,NYM,2026-09-23,461,1851,True
683357,Owen Caissie,Hitter,MIA,2026-09-12,333,1364,True
683679,Jesus Rodriguez,Hitter,SF,2026-07-31,58,209,True
683734,Andrew Vaughn,Hitter,MIL,2026-09-19,333,1357,True
683737,Michael Busch,Hitter,CHC,2026-09-23,693,2763,True
683748,Victor Mesa,Hitter,TB,2026-09-23,248,891,True
683766,Christian Koss,Hitter,SF,2026-09-23,208,718,True
683953,Travis Bazzana,Hitter,CLE,2026-09-23,501,2008,True
685133,Wade Meckler,Hitter,LAA,2026-09-23,320,1158,True
686217,Sal Frelick,Hitter,MIL,2026-09-23,374,1422,True
686452,Drew Millas,Hitter,WSH,2026-07-11,150,585,True
686469,Vinnie Pasquantino,Hitter,KC,2026-09-23,465,1852,True
686475,Tyler Tolbert,Hitter,KC,2026-09-22,144,510,True
686527,Dominic Canzone,Hitter,SEA,2026-09-23,513,1945,True
686555,Isaac Collins,Hitter,KC,2026-09-23,510,2025,True
686611,Dylan Crews,Hitter,WSH,2026-09-23,428,1583,True
686681,Michael Massey,Hitter,KC,2026-09-23,439,1595,True
686765,Nick Sogard,Hitter,BOS,2026-09-23,264,1070,True
686780,Pedro Pagés,Hitter,STL,2026-09-19,207,859,True
686797,Brooks Lee,Hitter,MIN,2026-09-23,619,2327,True
686948,Drake Baldwin,Hitter,ATL,2026-09-23,601,2340,True
687093,Vaughn Grissom,Hitter,LAA,2026-09-23,455,1742,True
687221,Dalton Rushing,Hitter,LAD,2026-09-04,250,940,True
687263,Zach Neto,Hitter,LAA,2026-09-23,683,2736,True
687282,Gabriel Rincones,Hitter,PHI,2026-07-31,86,344,True
687394,Jack Brannigan,Hitter,PIT,2026-07-07,1,3,False
687401,Joey Ortiz,Hitter,MIL,2026-09-23,407,1575,True
687515,Colby Thomas,Hitter,ATH,2026-07-30,121,442,True
687529,Grant Mccray,Hitter,SF,2026-09-23,90,390,True
687551,Drew Gilbert,Hitter,SF,2026-09-23,386,1544,True
687637,Dylan Beavers,Hitter,BAL,2026-09-23,351,1461,True
687749,Jase Bowen,Hitter,SD,2026-09-22,97,346,True
687859,Troy Johnston,Hitter,COL,2026-09-23,439,1618,True
687952,Christian Encarnacion-Strand,Hitter,BAL,2026-09-23,208,779,True
688363,Graham Pauley,Hitter,MIA,2026-09-23,150,611,True
689414,Liam Hicks,Hitter,TB,2026-09-23,536,1984,True
690924,Braxton Fulford,Hitter,COL,2026-09-16,83,348,True
690976,Alex Freeland,Hitter,LAD,2026-09-19,270,1108,True
690984,Petey Halpin,Hitter,CLE,2026-09-23,189,642,True
690993,Colt Keith,Hitter,DET,2026-09-19,422,1611,True
691011,Drew Romo,Hitter,CWS,2026-09-02,203,729,True
691016,Tyler Soderstrom,Hitter,ATH,2026-08-14,452,1753,True
691019,Kyle Teel,Hitter,CWS,2026-09-23,130,563,True
691023,Jordan Walker,Hitter,STL,2026-09-23,651,2340,True
691026,Masyn Winn,Hitter,STL,2026-09-23,524,2103,True
691176,Jasson Domínguez,Hitter,NYY,2026-09-10,223,829,True
691373,Jhostynxon Garcia,Hitter,PIT,2026-08-13,51,179,True
691406,Junior Caminero,Hitter,TB,2026-09-23,686,2701,True
691458,Blaze Jordan,Hitter,STL,2026-08-27,198,719,True
691594,Javier Sanoja,Hitter,MIA,2026-09-23,472,1628,True
691718,Pete Crow-Armstrong,Hitter,CHC,2026-09-23,708,2843,True
691720,Kyle Karros,Hitter,COL,2026-09-23,459,1846,True
691723,Coby Mayo,Hitter,BAL,2026-09-23,444,1824,True
691740,Daniel Susac,Hitter,SF,2026-08-09,161,591,True
691777,Max Muncy,Hitter,ATH,2026-09-17,285,1110,True
691781,Brady House,Hitter,WSH,2026-09-23,343,1242,True
691788,Joe Mack,Hitter,MIA,2026-09-23,328,1273,True
691907,Tsung-Che Cheng,Hitter,BOS,2026-07-22,44,165,True
693304,Nick Gonzales,Hitter,PIT,2026-09-23,595,2179,True
693307,Dillon Dingler,Hitter,DET,2026-09-23,597,2316,True
693459,Kyler Fedko,Hitter,MIN,2026-07-07,19,78,False
694192,Jackson Chourio,Hitter,MIL,2026-09-23,558,2161,True
694203,Denzer Guzman,Hitter,LAA,2026-09-23,291,1090,True
694212,Samuel Basallo,Hitter,BAL,2026-09-21,397,1462,True
694249,Cole Carrigg,Hitter,COL,2026-09-23,355,1382,True
694371,Tommy Troy,Hitter,AZ,2026-09-13,144,577,True
694374,Tim Tawa,Hitter,AZ,2026-09-23,330,1327,True
694378,Jacob Gonzalez,Hitter,PIT,2026-09-22,220,862,True
694384,Nolan Schanuel,Hitter,LAA,2026-08-20,446,1678,True
694388,Joey Loperfido,Hitter,HOU,2026-09-16,121,482,True
694410,Lujames Groover,Hitter,AZ,2026-07-03,53,208,True
694497,Evan Carter,Hitter,TEX,2026-09-23,445,1797,True
694671,Wyatt Langford,Hitter,TEX,2026-09-23,454,1829,True
694673,Abimelec Ortiz,Hitter,WSH,2026-09-21,131,565,True
694728,Brice Matthews,Hitter,HOU,2026-09-22,233,961,True
694876,Cooper Ingle,Hitter,CLE,2026-07-05,24,105,True
695257,Billy Cook,Hitter,PIT,2026-09-11,53,188,True
695391,Brett Harris,Hitter,SF,2026-09-23,43,157,True
695490,Edwin Arroyo,Hitter,CIN,2026-09-04,157,574,True
695506,Jac Caglianone,Hitter,KC,2026-09-23,538,1927,True
695508,Cam Cauley,Hitter,TEX,2026-08-13,65,237,True
695578,James Wood,Hitter,WSH,2026-09-23,610,2585,True
695600,Carter Jensen,Hitter,KC,2026-09-23,589,2426,True
695657,Colson Montgomery,Hitter,CWS,2026-09-23,623,2418,True
695670,Harry Ford,Hitter,WSH,2026-09-23,115,513,True
695720,Tommy White,Hitter,ATH,2026-09-23,186,660,True
695731,Braden Montgomery,Hitter,CWS,2026-09-23,351,1365,True
695734,Daylen Lile,Hitter,WSH,2026-09-23,642,2363,True
696030,Alejandro Osuna,Hitter,TEX,2026-09-22,226,814,True
696100,Hunter Goodman,Hitter,COL,2026-09-23,555,2099,True
696135,Kahlil Watson,Hitter,CLE,2026-07-21,91,339,True
696285,Jacob Young,Hitter,WSH,2026-09-23,463,1710,True
699013,Esmerlyn Valdez,Hitter,PIT,2026-09-11,287,1267,True
699393,Pedro Ramírez,Hitter,CHC,2026-09-23,253,947,True
699625,Jimmy Crooks,Hitter,STL,2026-08-29,148,565,True
700250,Ben Rice,Hitter,NYY,2026-09-23,656,2640,True
700337,Edgar Quero,Hitter,CWS,2026-09-11,215,838,True
700932,Kyle Manzardo,Hitter,CLE,2026-08-02,355,1460,True
701162,Ben Malgeri,Hitter,DET,2026-09-23,136,514,True
701305,Zach Dezenzo,Hitter,HOU,2026-08-03,83,333,True
701358,Cam Smith,Hitter,HOU,2026-09-23,548,2273,True
701398,Sal Stewart,Hitter,CIN,2026-09-23,670,2696,True
701538,Jackson Merrill,Hitter,SD,2026-09-23,653,2519,True
701649,James Triantos,Hitter,CHC,2026-08-16,9,22,False
701675,Nathan Church,Hitter,STL,2026-09-23,459,1741,True
701678,Hao-Yu Lee,Hitter,DET,2026-09-23,349,1330,True
701762,Nick Kurtz,Hitter,ATH,2026-07-31,436,1884,True
701807,Carson Benge,Hitter,NYM,2026-09-23,631,2604,True
701852,Drew Cavanaugh,Hitter,SF,2026-09-23,158,633,True
702176,Alan Roden,Hitter,MIN,2026-09-23,91,327,True
702222,Justin Crawford,Hitter,PHI,2026-09-23,449,1635,True
702284,Cole Young,Hitter,SEA,2026-09-23,625,2361,True
702332,Caleb Durbin,Hitter,BOS,2026-09-23,574,2114,True
702616,Jackson Holliday,Hitter,BAL,2026-09-14,354,1348,True
703607,Henry Bolte,Hitter,ATH,2026-09-23,453,1708,True
800050,Chase Delauter,Hitter,CLE,2026-09-23,542,2096,True
800325,Luis Lara,Hitter,MIL,2026-09-22,200,839,True
802139,Jj Wetherholt,Hitter,STL,2026-09-23,605,2428,True
802415,Chandler Simpson,Hitter,TB,2026-09-22,602,1930,True
803011,Sam Antonacci,Hitter,CWS,2026-09-23,539,2116,True
804606,Konnor Griffin,Hitter,PIT,2026-09-23,320,1261,True
804668,Rafael Flores,Hitter,PIT,2026-09-23,153,620,True
805300,Jakob Marsee,Hitter,MIA,2026-09-23,604,2338,True
805347,Jim Jarvis,Hitter,ATL,2026-08-22,124,457,True
805367,Chase Meidroth,Hitter,CWS,2026-09-23,636,2630,True
805779,Jacob Wilson,Hitter,ATH,2026-08-16,334,1137,True
805808,Kevin Mcgonigle,Hitter,DET,2026-09-23,696,2784,True
805811,Bryce Eldridge,Hitter,SF,2026-09-16,447,1881,True
805999,A. J. Ewing,Hitter,NYM,2026-09-23,475,1864,True
806068,Colt Emerson,Hitter,SEA,2026-08-12,242,964,True
806198,Cooper Pratt,Hitter,MIL,2026-09-22,250,989,True
807712,Luke Keaschall,Hitter,MIN,2026-09-23,605,2269,True
807799,Masataka Yoshida,Hitter,BOS,2026-08-15,296,1076,True
808959,Munetaka Murakami,Hitter,CWS,2026-09-23,530,2380,True
808982,Jung Hoo Lee,Hitter,SF,2026-09-20,578,2132,True
810938,Ben Williamson,Hitter,TB,2026-09-22,276,1076,True
811965,Joshua Kuroda-Grauer,Hitter,ATH,2026-09-23,65,234,True
813841,Jonah Cox,Hitter,SF,2026-09-23,157,591,True
814439,Ryan Waldschmidt,Hitter,AZ,2026-09-15,281,1105,True
815873,Sean Keys,Hitter,TOR,2026-09-23,61,264,True
823550,Sung Mun Song,Hitter,SD,2026-09-20,147,600,True
828599,Lucas Spence,Hitter,HOU,2026-09-23,46,171,True
457705,Andrew Mccutchen,Hitter,TEX,2026-05-25,83,356,True
506702,Sandy León,Hitter,ATL,2026-06-17,44,179,True
571771,Enrique Hernández,Hitter,LAD,2026-09-20,87,317,True
592206,Nick Castellanos,Hitter,SD,2026-05-31,122,481,True
592450,Aaron Judge,Hitter,NYY,2026-09-16,285,1234,True
596103,Austin Slater,Hitter,TB,2026-06-17,73,292,True
605244,Aramis Garcia,Hitter,AZ,2026-06-11,19,64,False
606115,Orlando Arcia,Hitter,MIN,2026-06-13,50,168,True
608369,Corey Seager,Hitter,TEX,2026-09-23,418,1558,True
621550,Patrick Wisdom,Hitter,SEA,2026-09-04,50,190,True
624428,Adam Frazier,Hitter,LAA,2026-09-19,145,566,True
640902,Jhonny Pereda,Hitter,SEA,2026-09-13,93,389,True
641555,J. C. Escarra,Hitter,NYY,2026-06-20,91,352,True
641820,Trey Mancini,Hitter,LAA,2026-06-14,14,49,False
643376,Danny Jansen,Hitter,TEX,2026-09-23,212,837,True
643396,Isiah Kiner-Falefa,Hitter,BOS,2026-09-22,172,619,True
656413,Stuart Fairchild,Hitter,CLE,2026-06-23,27,110,True
656582,Connor Joe,Hitter,SEA,2026-06-20,45,210,True
657656,Ramón Laureano,Hitter,SD,2026-05-30,206,847,True
660644,Vidal Bruján,Hitter,NYM,2026-06-15,13,39,False
660821,Jesús Sánchez,Hitter,AZ,2026-09-23,314,1187,True
663584,Hayden Senger,Hitter,NYM,2026-06-02,17,54,False
663611,Nick Madrigal,Hitter,TB,2026-09-16,63,239,True
663967,César Salazar,Hitter,HOU,2026-05-29,22,95,True
664056,Harrison Bader,Hitter,SF,2026-05-29,111,421,True
664059,Sam Haggerty,Hitter,TEX,2026-05-30,47,167,True
664728,Kyle Isbel,Hitter,KC,2026-09-22,313,1114,True
664731,P. J. Higgins,Hitter,CIN,2026-06-10,32,128,True
665833,Oneil Cruz,Hitter,PIT,2026-09-22,408,1713,True
665856,Jair Camargo,Hitter,ATL,2026-06-17,2,7,False
665861,Sebastián Rivero,Hitter,LAA,2026-06-09,56,233,True
666181,Will Benson,Hitter,CIN,2026-06-14,111,476,True
666624,Christopher Morel,Hitter,NYM,2026-09-20,102,369,True
666969,Adolis García,Hitter,PHI,2026-06-10,259,1082,True
667670,Brent Rooker,Hitter,ATH,2026-06-08,201,735,True
669004,Mj Melendez,Hitter,NYM,2026-06-25,145,615,True
669208,Ryan Bliss,Hitter,SEA,2026-06-09,10,45,False
669256,Nick Solak,Hitter,SD,2026-06-20,10,23,False
669257,Will Smith,Hitter,LAD,2026-09-23,269,1152,True
669289,Santiago Espinal,Hitter,LAD,2026-06-13,60,224,True
669357,Nolan Gorman,Hitter,STL,2026-09-23,297,1228,True
669360,Trei Cruz,Hitter,DET,2026-06-21,5,21,False
669369,Bryce Johnson,Hitter,SD,2026-06-10,49,188,True
669398,Gage Workman,Hitter,SD,2026-08-05,41,150,True
669899,Ryan Ward,Hitter,LAD,2026-06-27,59,252,True
672279,Michael Siani,Hitter,BAL,2026-06-21,1,4,False
672284,Jarred Kelenic,Hitter,TEX,2026-08-22,83,326,True
672580,Maikel García,Hitter,KC,2026-09-23,335,1275,True
672642,Steward Berroa,Hitter,PHI,2026-06-05,7,23,False
672761,Wenceel Pérez,Hitter,DET,2026-06-16,175,653,True
672820,Lenyn Sosa,Hitter,TOR,2026-05-26,117,439,True
673490,Ha-Seong Kim,Hitter,ATL,2026-09-23,137,593,True
673995,Davis Wendzel,Hitter,PIT,2026-06-09,4,24,False
675448,Blake Hunt,Hitter,SD,2026-06-20,3,17,False
677060,Chad Stevens,Hitter,COL,2026-06-12,34,151,True
680737,Michael Helman,Hitter,TEX,2026-06-13,35,113,True
681393,Connor Norby,Hitter,COL,2026-09-23,372,1437,True
681508,Mickey Gasper,Hitter,BOS,2026-09-23,219,821,True
682515,Logan Porter,Hitter,LAA,2026-06-17,6,28,False
683227,Cody Freeman,Hitter,TEX,2026-09-10,91,379,True
686554,Oliver Dunn,Hitter,TB,2026-06-02,12,42,False
686823,Will Brennan,Hitter,SF,2026-05-27,22,78,True
687231,Darell Hernaiz,Hitter,ATH,2026-09-03,157,620,True
687363,Victor Scott,Hitter,STL,2026-09-19,189,706,True
687462,Spencer Horwitz,Hitter,PIT,2026-09-22,436,1747,True
691783,Jordan Lawlar,Hitter,AZ,2026-09-23,129,506,True
691785,Marcelo Mayer,Hitter,SF,2026-09-23,235,882,True
693409,César Prieto,Hitter,STL,2026-09-18,34,102,True
694208,Moisés Ballesteros,Hitter,LAA,2026-09-23,339,1298,True
694224,Gabriel Gonzalez,Hitter,MIN,2026-09-06,11,43,False
694362,Blake Dunn,Hitter,CIN,2026-06-26,150,549,True
694376,Shay Whitcomb,Hitter,SF,2026-09-23,117,428,True
694514,Sterlin Thompson,Hitter,COL,2026-06-21,77,312,True
695238,Will Wagner,Hitter,SD,2026-06-28,44,180,True
695336,Thomas Saggese,Hitter,STL,2026-09-22,165,657,True
695681,Christian Moore,Hitter,LAA,2026-09-23,130,542,True
699912,Jose Fernandez,Hitter,AZ,2026-09-22,219,849,True
700246,Carson Williams,Hitter,TB,2026-08-11,40,142,True
703492,Nick Morabito,Hitter,NYM,2026-09-23,44,161,True
805672,Collin Price,Hitter,HOU,2026-06-14,14,53,False
805904,Zach Cole,Hitter,HOU,2026-05-25,53,219,True
807713,Matt Shaw,Hitter,CHC,2026-09-22,192,767,True
807727,Charles Mcadoo,Hitter,TOR,2026-09-23,99,370,True
807747,Rikuu Nishida,Hitter,CWS,2026-06-07,30,97,True
808975,Hyeseong Kim,Hitter,LAD,2026-05-27,131,515,True
502054,Tommy Pham,Hitter,CWS,2026-09-22,29,114,True
518595,Travis D'Arnaud,Hitter,LAA,2026-09-18,80,306,True
519317,Giancarlo Stanton,Hitter,NYY,2026-04-24,96,384,True
596115,Trevor Story,Hitter,BOS,2026-09-23,255,948,True
602104,Ramón Urías,Hitter,STL,2026-09-15,100,362,True
621043,Carlos Correa,Hitter,HOU,2026-05-04,141,587,True
624512,Reese Mcguire,Hitter,CWS,2026-04-23,34,110,True
628451,Andy Ibáñez,Hitter,NYM,2026-05-10,26,79,True
641584,Jake Fraley,Hitter,TB,2026-09-19,97,411,True
650391,Eloy Jiménez,Hitter,TOR,2026-04-28,35,130,True
660162,Yoán Moncada,Hitter,LAA,2026-05-21,128,552,True
660844,Leo Rivas,Hitter,SEA,2026-08-23,139,607,True
663604,Brandon Lockridge,Hitter,MIL,2026-08-18,110,462,True
663609,Luken Baker,Hitter,AZ,2026-04-14,5,24,False
663697,Jonathan India,Hitter,KC,2026-04-17,58,237,True
664068,Scott Kingery,Hitter,CHC,2026-04-21,4,15,False
664238,Dylan Moore,Hitter,PHI,2026-05-01,15,81,False
666310,Bo Naylor,Hitter,MIL,2026-09-17,98,426,True
666464,Jerar Encarnacion,Hitter,SF,2026-05-03,35,159,True
666931,Jared Oliva,Hitter,SF,2026-04-14,7,27,False
668974,Maverick Handley,Hitter,BAL,2026-05-16,1,4,False
669221,Sean Murphy,Hitter,ATL,2026-09-23,110,413,True
669288,Daniel Johnson,Hitter,HOU,2026-05-03,17,53,False
669326,Bryce Teodosio,Hitter,LAA,2026-09-23,60,213,True
669717,Will Wilson,Hitter,SEA,2026-04-29,6,25,False
669720,Austin Hays,Hitter,SD,2026-09-23,96,366,True
670242,Matt Wallner,Hitter,MIN,2026-05-13,135,562,True
671655,George Valera,Hitter,CLE,2026-04-28,38,120,True
672012,Tyler Black,Hitter,MIL,2026-05-09,28,97,True
672016,Denzel Clarke,Hitter,ATH,2026-09-23,82,337,True
677950,Alek Thomas,Hitter,LAD,2026-08-29,118,415,True
680718,Addison Barger,Hitter,TOR,2026-05-09,28,119,True
680977,Brendan Donovan,Hitter,SEA,2026-08-21,158,594,True
682641,Luis Matos,Hitter,MIL,2026-04-23,21,72,True
682663,Agustín Ramírez,Hitter,MIA,2026-09-23,241,959,True
682877,Juan Brito,Hitter,CIN,2026-09-23,103,423,True
683021,Michael Stefanic,Hitter,ATH,2026-09-22,26,117,True
683079,Omar Martinez,Hitter,LAA,2026-05-12,3,12,False
686668,Brenton Doyle,Hitter,CWS,2026-09-22,212,742,True
686894,Joey Wiemer,Hitter,WSH,2026-05-18,84,335,True
687597,Jordan Beck,Hitter,COL,2026-09-23,169,663,True
687957,Dustin Harris,Hitter,SD,2026-09-23,134,470,True
690291,Jace Jung,Hitter,DET,2026-09-23,10,39,False
691277,Deyvison De Los Santos,Hitter,MIA,2026-09-22,28,118,True
694025,Felix Reyes,Hitter,PHI,2026-05-14,39,118,True
694377,Nick Yorke,Hitter,PIT,2026-09-05,117,463,True
695020,Tanner Murray,Hitter,CWS,2026-04-26,33,105,True
701350,Roman Anthony,Hitter,BOS,2026-09-23,232,910,True
805249,Otto Kemp,Hitter,PHI,2026-05-20,27,120,True
467793,Carlos Santana,Hitter,AZ,2026-04-05,26,106,True
600869,Jeimer Candelario,Hitter,LAA,2026-04-08,20,83,True
605353,Vimael Machín,Hitter,COL,2026-09-13,6,24,False
657675,Rudy Martin Jr.,Hitter,TOR,2026-09-12,3,10,False
663624,Ryan Mountcastle,Hitter,BAL,2026-04-11,15,54,False
663897,Luke Williams,Hitter,ATL,2026-04-12,1,4,False
666185,Dylan Carlson,Hitter,CHC,2026-04-06,4,20,False
668800,Andrew Knizner,Hitter,SF,2026-09-23,75,274,True
676480,José Barrero,Hitter,BAL,2026-09-21,2,7,False
677008,Heston Kjerstad,Hitter,BAL,2026-09-18,19,65,False
677347,Kyren Paris,Hitter,LAA,2026-09-14,18,83,False
677943,Will Banfield,Hitter,CIN,2026-09-23,18,55,False
678009,Parker Meadows,Hitter,DET,2026-04-09,39,163,True
680577,DaShawn Keirsey Jr.,Hitter,ATL,2026-09-12,1,1,False
681047,Christian Franklin,Hitter,BAL,2026-09-23,50,217,True
681230,BJ Murray Jr.,Hitter,CHC,2026-09-11,11,46,False
682927,Ronny Simon,Hitter,PIT,2026-09-23,59,219,True
683090,Matthew Lugo,Hitter,KC,2026-09-13,15,56,False
687605,Andrew Pinckney,Hitter,WSH,2026-09-15,29,109,True
690022,Ryan Ritter,Hitter,COL,2026-09-02,21,76,True
691002,Yohandy Morales,Hitter,WSH,2026-09-23,43,170,False
691181,Emmanuel Rodriguez,Hitter,MIN,2026-09-23,44,165,False
691182,Adael Amador,Hitter,COL,2026-09-23,80,314,True
691620,Jeferson Quero,Hitter,MIL,2026-03-29,2,8,False
691728,Zac Veen,Hitter,COL,2026-09-23,74,286,True
691858,Jared Serna,Hitter,MIA,2026-09-23,19,78,False
692216,Cj Kayfus,Hitter,CLE,2026-04-07,25,108,True
693306,Aaron Sabato,Hitter,MIN,2026-09-23,5,16,False
694197,Angel Genao,Hitter,CLE,2026-09-23,134,505,True
695491,Joshua Báez,Hitter,STL,2026-09-16,108,382,True
699024,Leo Bernal,Hitter,STL,2026-09-23,86,319,False
699115,Carlos Jorge,Hitter,CIN,2026-09-22,32,120,False
699302,Héctor Rodríguez,Hitter,CIN,2026-09-22,136,499,True
700652,Kenny Piper,Hitter,TB,2026-09-05,11,49,False
701785,Kaelen Culpepper,Hitter,MIN,2026-09-15,119,467,True
703155,Lazaro Montes,Hitter,SEA,2026-09-23,49,213,False
703197,Michael Arroyo,Hitter,SEA,2026-09-23,29,94,False
703520,Brett Bateman,Hitter,TOR,2026-09-21,171,689,True
703601,Max Clark,Hitter,DET,2026-09-23,191,698,True
800543,Josue De Paula,Hitter,LAD,2026-09-22,42,170,False
801126,Brock Rodden,Hitter,SEA,2026-09-22,72,286,True
801501,Nate Furman,Hitter,SF,2026-09-15,39,147,True
805346,Ben Ross,Hitter,MIN,2026-09-23,21,90,False
805805,Walker Jenkins,Hitter,MIN,2026-09-23,81,306,True
806146,George Lombard,Hitter,NYY,2026-09-23,157,624,True
806367,Turner Hill,Hitter,SF,2026-09-23,118,469,True
806956,Ethan Salas,Hitter,SD,2026-09-23,34,129,False
807726,John Peck,Hitter,DET,2026-09-23,71,263,True
814154,Scott Bandura,Hitter,SF,2026-09-22,22,93,False
814430,Brett Callahan,Hitter,DET,2026-09-23,73,255,True
815589,Bo Davidson,Hitter,SF,2026-09-23,11,40,False
571945,Miles Mikolas,Hitter,WSH,2026-08-05,1,3,False
663662,Daz Cameron,Hitter,TOR,2026-08-29,25,95,True
665506,Cristian Pache,Hitter,NYM,2026-08-31,8,42,False
666163,Ben Rortvedt,Hitter,LAD,2026-08-30,28,100,True
667452,Corey Julks,Hitter,DET,2026-08-28,7,25,False
669911,Michael Toglia,Hitter,CIN,2026-08-20,28,105,True
672569,Gustavo Campero,Hitter,LAA,2026-08-25,12,50,False
678225,Jihwan Bae,Hitter,MIL,2026-08-11,4,13,False
678760,Eddys Leonard,Hitter,SF,2026-08-08,8,38,False
680716,Jonathan Ornelas,Hitter,MIL,2026-08-18,22,89,True
681146,Jonah Bride,Hitter,TEX,2026-08-10,6,22,False
445276,"Jansen, Kenley",Pitcher,DET,2026-09-23,177,712,True
453286,"Scherzer, Max",Pitcher,TOR,2026-09-23,338,1347,True
455119,"Martin, Chris",Pitcher,TEX,2026-07-11,66,248,True
471911,"Carrasco, Carlos",Pitcher,ATL,2026-07-05,73,246,True
489446,"Yates, Kirby",Pitcher,PIT,2026-09-23,172,698,True
518585,"Cruz, Fernando",Pitcher,NYY,2026-08-25,233,944,True
518876,"Kelly, Merrill",Pitcher,AZ,2026-09-23,707,2621,True
518886,"Kimbrel, Craig",Pitcher,KC,2026-09-16,196,776,True
519141,"Pomeranz, Drew",Pitcher,CHC,2026-07-19,134,478,True
519242,"Sale, Chris",Pitcher,ATL,2026-09-23,650,2574,True
527048,"Pérez, Martín",Pitcher,ATL,2026-09-20,595,2244,True
542888,"Armstrong, Shawn",Pitcher,CLE,2026-09-23,148,598,True
543037,"Cole, Gerrit",Pitcher,NYY,2026-09-23,515,1923,True
543056,"Coulombe, Danny",Pitcher,BOS,2026-07-11,96,386,True
543135,"Eovaldi, Nathan",Pitcher,TEX,2026-09-22,596,2149,True
543243,"Gray, Sonny",Pitcher,BOS,2026-09-23,680,2474,True
543309,"Higashioka, Kyle",Pitcher,TEX,2026-07-17,18,51,False
544150,"Suárez, Albert",Pitcher,BAL,2026-09-05,248,912,True
545121,"Vargas, Ildemaro",Pitcher,AZ,2026-08-17,17,48,False
547179,"Lorenzen, Michael",Pitcher,TOR,2026-09-15,618,2400,True
547973,"Chapman, Aroldis",Pitcher,BOS,2026-09-23,213,841,True
548384,"Raley, Brooks",Pitcher,PHI,2026-09-19,220,831,True
552640,"Kittredge, Andrew",Pitcher,BAL,2026-09-23,215,711,True
554430,"Wheeler, Zack",Pitcher,PHI,2026-09-22,621,2552,True
571510,"Boyd, Matthew",Pitcher,CHC,2026-09-19,493,1867,True
571578,"Corbin, Patrick",Pitcher,TOR,2026-07-21,361,1412,True
571927,"Matz, Steven",Pitcher,TB,2026-09-23,333,1312,True
571945,"Mikolas, Miles",Pitcher,WSH,2026-08-11,495,1827,True
572955,"Johnson, Pierce",Pitcher,CIN,2026-09-23,204,821,True
573124,"Rogers, Taylor",Pitcher,MIN,2026-09-21,266,1054,True
573204,"Thielbar, Caleb",Pitcher,CHC,2026-09-22,204,835,True
592155,"Booser, Cam",Pitcher,TB,2026-09-22,146,544,True
592332,"Gausman, Kevin",Pitcher,CHC,2026-09-23,751,3003,True
592454,"Kahnle, Tommy",Pitcher,BOS,2026-06-30,43,168,True
592662,"Ray, Robbie",Pitcher,SD,2026-09-23,703,2854,True
592773,"Stanek, Ryne",Pitcher,STL,2026-09-23,262,1058,True
592779,"Stewart, Brock",Pitcher,LAD,2026-09-22,96,364,True
592791,"Taillon, Jameson",Pitcher,TOR,2026-09-04,371,1443,True
592866,"Williams, Trevor",Pitcher,TEX,2026-09-23,113,486,True
593958,"Rodriguez, Eduardo",Pitcher,AZ,2026-09-18,762,2975,True
593974,"Peralta, Wandy",Pitcher,SD,2026-09-22,317,1199,True
594027,"Guerrero, Tyron",Pitcher,BOS,2026-09-23,162,607,True
594580,"Moll, Sam",Pitcher,CIN,2026-09-04,246,1073,True
594798,"deGrom, Jacob",Pitcher,TEX,2026-09-20,647,2646,True
594835,"Gonzales, Marco",Pitcher,TEX,2026-08-14,28,118,True
595345,"Okert, Steven",Pitcher,HOU,2026-08-31,259,1050,True
596001,"Junis, Jakob",Pitcher,TEX,2026-09-22,224,807,True
596117,"Stubbs, Garrett",Pitcher,PHI,2026-09-12,24,46,True
596133,"Weaver, Luke",Pitcher,PIT,2026-09-22,234,890,True
605154,"Brebbia, John",Pitcher,COL,2026-06-30,21,94,True
605288,"Houser, Adrian",Pitcher,SF,2026-08-25,469,1731,True
605400,"Nola, Aaron",Pitcher,PHI,2026-09-23,738,2925,True
605447,"Romano, Jordan",Pitcher,COL,2026-09-18,142,602,True
605488,"Springs, Jeffrey",Pitcher,ATH,2026-09-23,626,2464,True
605540,"Woodruff, Brandon",Pitcher,MIL,2026-07-04,175,639,True
606996,"Hart, Kyle",Pitcher,SD,2026-09-20,259,1043,True
607067,"Rea, Colin",Pitcher,CHC,2026-09-23,581,2206,True
607200,"Fedde, Erick",Pitcher,CWS,2026-09-23,606,2413,True
607259,"Martinez, Nick",Pitcher,TB,2026-09-22,706,2474,True
607536,"Freeland, Kyle",Pitcher,COL,2026-09-22,593,2125,True
607625,"Lugo, Seth",Pitcher,KC,2026-09-23,750,2858,True
608331,"Fried, Max",Pitcher,NYY,2026-09-22,431,1696,True
608372,"Sugano, Tomoyuki",Pitcher,COL,2026-09-20,631,2432,True
608379,"Wacha, Michael",Pitcher,KC,2026-09-20,785,2938,True
608566,"Márquez, Germán",Pitcher,SD,2026-08-04,237,918,True
608718,"Suter, Brent",Pitcher,ATL,2026-09-23,363,1483,True
615698,"Quantrill, Cal",Pitcher,TEX,2026-09-19,442,1669,True
620443,"Torrens, Luis",Pitcher,NYM,2026-08-08,11,22,False
621016,"Cuas, Jose",Pitcher,KC,2026-09-20,93,414,True
621053,"Ferguson, Tyler",Pitcher,CHC,2026-09-01,78,293,True
621074,"Rucker, Michael",Pitcher,SEA,2026-09-22,173,703,True
621097,"Waguespack, Jacob",Pitcher,DET,2026-09-23,177,648,True
621111,"Buehler, Walker",Pitcher,SD,2026-09-20,633,2533,True
621112,"Blackburn, Paul",Pitcher,NYY,2026-09-23,328,1218,True
621121,"McCullers Jr., Lance",Pitcher,MIL,2026-07-25,196,793,True
621237,"Alvarado, José",Pitcher,PHI,2026-09-22,263,1091,True
621242,"Díaz, Edwin",Pitcher,LAD,2026-09-22,88,373,True
621345,"Minter, A.J.",Pitcher,MIN,2026-09-23,182,668,True
621381,"Strahm, Matt",Pitcher,KC,2026-08-01,161,633,True
621383,"Banks, Tanner",Pitcher,PHI,2026-09-23,170,648,True
622088,"Antone, Tejay",Pitcher,CIN,2026-09-22,222,882,True
622491,"Castillo, Luis",Pitcher,CWS,2026-09-22,591,2367,True
622554,"Domínguez, Seranthony",Pitcher,SEA,2026-09-23,253,1097,True
622608,"Senzatela, Antonio",Pitcher,MIL,2026-09-20,304,1141,True
622694,"Hernández, Elieser",Pitcher,ATL,2026-09-08,50,203,True
622761,"Mateo, Jorge",Pitcher,ATL,2026-07-27,12,41,False
623149,"Sewald, Paul",Pitcher,TOR,2026-09-23,214,834,True
623168,"Heineman, Tyler",Pitcher,LAA,2026-08-09,26,64,True
623211,"Brazobán, Huascar",Pitcher,CWS,2026-09-22,260,1008,True
623352,"Hader, Josh",Pitcher,HOU,2026-09-23,167,676,True
623381,"Pannone, Thomas",Pitcher,MIL,2026-07-29,14,56,False
623454,"Anderson, Drew",Pitcher,DET,2026-09-22,455,1770,True
623465,"Phillips, Evan",Pitcher,LAD,2026-09-19,93,383,True
623474,"Herget, Jimmy",Pitcher,COL,2026-09-20,225,897,True
624133,"Suarez, Ranger",Pitcher,BOS,2026-09-18,593,2298,True
625643,"López, Reynaldo",Pitcher,ATL,2026-09-14,345,1368,True
628452,"Iglesias, Raisel",Pitcher,ATL,2026-09-23,234,901,True
640448,"Finnegan, Kyle",Pitcher,DET,2026-09-15,271,1062,True
640454,"Krook, Matt",Pitcher,WSH,2026-07-26,46,179,True
640455,"Manaea, Sean",Pitcher,NYM,2026-09-22,627,2393,True
641302,"Alexander, Tyler",Pitcher,TEX,2026-09-23,299,1142,True
641329,"Baker, Bryan",Pitcher,TB,2026-09-22,240,966,True
641656,"Hamilton, Ian",Pitcher,ATL,2026-07-02,23,92,True
641743,"Kay, Anthony",Pitcher,CWS,2026-09-22,686,2714,True
641745,"Keller, Brad",Pitcher,PHI,2026-07-08,134,533,True
641755,"Kinley, Tyler",Pitcher,DET,2026-09-23,227,905,True
641778,"Lauer, Eric",Pitcher,LAD,2026-09-01,467,1814,True
641793,"Littell, Zack",Pitcher,AZ,2026-08-22,542,1977,True
641816,"Mahle, Tyler",Pitcher,ATL,2026-09-18,591,2311,True
641835,"Mayza, Tim",Pitcher,PHI,2026-09-22,260,1046,True
641927,"Ober, Bailey",Pitcher,MIN,2026-09-20,536,2013,True
641941,"Pagán, Emilio",Pitcher,CIN,2026-09-22,171,661,True
642048,"Saucedo, Tayler",Pitcher,LAA,2026-09-23,86,338,True
642100,"Speier, Gabe",Pitcher,SEA,2026-09-23,184,684,True
642121,"Sulser, Cole",Pitcher,TB,2026-09-23,225,899,True
642152,"Trivino III, Lou",Pitcher,PHI,2026-07-06,36,144,True
642207,"Williams, Devin",Pitcher,NYM,2026-09-23,183,741,True
642232,"Yarbrough, Ryan",Pitcher,NYY,2026-09-22,256,1012,True
642397,"Soto, Gregory",Pitcher,PIT,2026-09-22,276,1124,True
642528,"Loáisiga, Jonathan",Pitcher,AZ,2026-09-23,253,938,True
642547,"Peralta, Freddy",Pitcher,TB,2026-09-19,708,2866,True
642701,"Santana, Dennis",Pitcher,AZ,2026-09-16,232,871,True
643377,"Jax, Griffin",Pitcher,TB,2026-09-20,450,1672,True
643410,"Leiter Jr., Mark",Pitcher,ATH,2026-07-18,146,551,True
643511,"Rogers, Tyler",Pitcher,TOR,2026-09-21,287,1005,True
644433,"Tromp, Chadwick",Pitcher,BAL,2026-07-28,6,16,False
645261,"Alcantara, Sandy",Pitcher,MIA,2026-09-23,891,3283,True
650556,"Abreu, Bryan",Pitcher,HOU,2026-09-23,263,1079,True
650633,"King, Michael",Pitcher,SD,2026-09-22,755,2981,True
650644,"Civale, Aaron",Pitcher,CHC,2026-09-22,482,1858,True
650911,"Sánchez, Cristopher",Pitcher,PHI,2026-09-20,827,3058,True
650960,"Duarte, Daniel",Pitcher,NYM,2026-09-15,113,463,True
656212,"Barnes, Charlie",Pitcher,LAD,2026-07-26,63,201,True
656234,"Bird, Jake",Pitcher,WSH,2026-08-25,172,678,True
656240,"Blewett, Scott",Pitcher,ATH,2026-09-22,143,527,True
656271,"Burke, Brock",Pitcher,CIN,2026-09-22,303,1172,True
656288,"Canning, Griffin",Pitcher,SD,2026-09-22,377,1480,True
656302,"Cease, Dylan",Pitcher,TOR,2026-09-18,686,2895,True
656427,"Flaherty, Jack",Pitcher,DET,2026-07-20,388,1639,True
656464,"Ginkel, Kevin",Pitcher,AZ,2026-09-22,267,1053,True
656492,"Griffin, Foster",Pitcher,CLE,2026-09-23,718,2833,True
656529,"Hentges, Sam",Pitcher,SF,2026-09-23,165,655,True
656546,"Hoffman, Jeff",Pitcher,MIN,2026-09-22,291,1211,True
656550,"Holmes, Grant",Pitcher,ATL,2026-09-19,624,2328,True
656577,"Jackson, Alex",Pitcher,MIN,2026-07-20,10,26,False
656605,"Keller, Mitch",Pitcher,PIT,2026-08-02,502,1887,True
656638,"Lange, Alex",Pitcher,KC,2026-09-22,264,1086,True
656641,"Latz, Jacob",Pitcher,TEX,2026-09-23,262,1111,True
656716,"McKinstry, Zach",Pitcher,DET,2026-08-31,15,57,False
656730,"Megill, Trevor",Pitcher,MIL,2026-09-23,235,863,True
656794,"Newcomb, Sean",Pitcher,CWS,2026-09-23,363,1433,True
656848,"Petersen, Michael",Pitcher,MIA,2026-09-23,265,1103,True
656849,"Peterson, David",Pitcher,CHC,2026-09-20,642,2385,True
656876,"Rasmussen, Drew",Pitcher,TB,2026-09-22,670,2660,True
656945,"Scott, Tanner",Pitcher,LAD,2026-09-20,242,933,True
656986,"Sousa, Bennett",Pitcher,HOU,2026-09-22,134,515,True
657044,"Thompson, Ryan",Pitcher,AZ,2026-08-04,186,654,True
657097,"Webb, Jacob",Pitcher,CHC,2026-09-23,278,1129,True
657265,"Strzelecki, Peter",Pitcher,STL,2026-08-25,61,251,True
657277,"Webb, Logan",Pitcher,SF,2026-09-13,666,2488,True
657424,"Gage, Matt",Pitcher,SF,2026-07-03,127,526,True
657514,"Bernardino, Brennan",Pitcher,COL,2026-09-19,258,988,True
657571,"Ferguson, Caleb",Pitcher,STL,2026-08-28,149,586,True
657612,"Hill, Tim",Pitcher,NYY,2026-09-23,237,804,True
657649,"Koenig, Jared",Pitcher,MIL,2026-07-12,41,161,True
657746,"Ryan, Joe",Pitcher,MIN,2026-09-19,591,2338,True
657756,"Seabold, Connor",Pitcher,KC,2026-06-30,113,476,True
660271,"Ohtani, Shohei",Pitcher,LAD,2026-07-03,340,1335,True
660604,"Rangel, Alan",Pitcher,PHI,2026-08-10,123,491,True
660710,"Durán, Rodolfo",Pitcher,SD,2026-07-01,19,45,False
660761,"Suarez, José",Pitcher,ATH,2026-09-01,276,1069,True
660825,"Bazardo, Eduard",Pitcher,SEA,2026-09-22,286,1095,True
660853,"De Los Santos, Enyel",Pitcher,HOU,2026-09-18,301,1153,True
661395,"Duran, Jhoan",Pitcher,PHI,2026-09-22,227,920,True
662144,"Keller, Brian",Pitcher,PHI,2026-07-25,11,39,False
662253,"Muñoz, Andrés",Pitcher,SEA,2026-09-20,239,953,True
663362,"Waldron, Matt",Pitcher,WSH,2026-09-02,195,690,True
663372,"Feltner, Ryan",Pitcher,COL,2026-09-20,533,1985,True
663423,"Thornton, Trent",Pitcher,CHC,2026-09-11,195,708,True
663436,"Martin, Davis",Pitcher,CWS,2026-09-20,604,2293,True
663485,"Sands, Cole",Pitcher,MIN,2026-07-26,56,209,True
663494,"Torres, Bryan",Pitcher,STL,2026-07-07,8,18,False
663542,"Hudson, Bryan",Pitcher,CWS,2026-09-23,275,1029,True
663554,"Mize, Casey",Pitcher,SD,2026-09-19,531,2012,True
663556,"McClanahan, Shane",Pitcher,TB,2026-09-03,486,1830,True
663558,"Morán, Jovani",Pitcher,BOS,2026-09-22,265,1044,True
663567,"Lambert, Peter",Pitcher,HOU,2026-09-18,643,2540,True
663568,"Kolek, Stephen",Pitcher,KC,2026-07-02,223,837,True
663687,"Harris, Hogan",Pitcher,ATH,2026-09-23,307,1319,True
663738,"Lynch IV, Daniel",Pitcher,KC,2026-09-22,333,1224,True
663765,"Woodford, Jake",Pitcher,CHC,2026-08-03,126,457,True
663767,"Shugart, Chase",Pitcher,PHI,2026-09-20,212,827,True
663776,"Sandoval, Patrick",Pitcher,BOS,2026-09-20,295,1109,True
663855,"Hicks, Jordan",Pitcher,CWS,2026-09-23,210,870,True
663878,"Pearson, Nate",Pitcher,KC,2026-09-20,191,740,True
663893,"Little, Brendon",Pitcher,TOR,2026-09-23,127,545,True
663903,"Singer, Brady",Pitcher,CIN,2026-09-17,697,2738,True
663941,"Beck, Tristan",Pitcher,SF,2026-09-21,72,279,True
663947,"Holton, Tyler",Pitcher,DET,2026-09-20,299,1129,True
663969,"Phillips, Tyler",Pitcher,MIA,2026-09-18,522,1964,True
664076,"Cleavinger, Garrett",Pitcher,TB,2026-09-04,180,734,True
664126,"Fairbanks, Pete",Pitcher,MIA,2026-09-14,182,766,True
664129,"Hartlieb, Geoff",Pitcher,ATH,2026-09-23,112,391,True
664141,"Brubaker, JT",Pitcher,SF,2026-08-23,252,1000,True
664199,"Clarke, Taylor",Pitcher,AZ,2026-09-20,274,1011,True
664208,"Maton, Phil",Pitcher,CHC,2026-07-19,136,546,True
664285,"Valdez, Framber",Pitcher,DET,2026-09-23,756,2768,True
664299,"Javier, Cristian",Pitcher,HOU,2026-09-22,276,1109,True
664702,"Straw, Myles",Pitcher,TOR,2026-08-27,20,54,True
664849,"Young, Danny",Pitcher,ATL,2026-08-15,65,265,True
664875,"Lawrence, Justin",Pitcher,WSH,2026-07-12,177,684,True
664954,"Sullivan, Brett",Pitcher,COL,2026-08-21,33,94,True
664991,"Wolfram, Grant",Pitcher,BAL,2026-09-20,222,890,True
665152,"Kremer, Dean",Pitcher,MIN,2026-09-20,342,1392,True
665622,"Medina, Luis",Pitcher,ATH,2026-09-23,309,1253,True
665645,"Castro, Kervin",Pitcher,NYY,2026-08-09,24,94,True
665660,"Alvarado, Elvis",Pitcher,ATH,2026-09-23,218,910,True
665871,"Assad, Javier",Pitcher,CHC,2026-09-23,369,1471,True
666126,"Cortes, Carlos",Pitcher,ATH,2026-09-12,47,159,True
666157,"Lodolo, Nick",Pitcher,CIN,2026-09-19,457,1807,True
666171,"Zeferjahn, Ryan",Pitcher,CHC,2026-09-22,297,1261,True
666200,"Luzardo, Jesús",Pitcher,PHI,2026-09-07,727,2860,True
666277,"Soriano, George",Pitcher,STL,2026-09-23,289,1150,True
666661,"Morillo, Juan",Pitcher,AZ,2026-09-23,257,1019,True
666745,"Brito, Jhony",Pitcher,SD,2026-09-05,35,123,True
666808,"Doval, Camilo",Pitcher,PIT,2026-09-19,266,1007,True
666974,"Cano, Yennier",Pitcher,BAL,2026-09-23,201,794,True
667297,"Nance, Tommy",Pitcher,MIN,2026-09-18,255,970,True
667463,"King, John",Pitcher,MIA,2026-08-19,195,714,True
667755,"Soriano, José",Pitcher,TOR,2026-09-19,728,2868,True
668390,"Winn, Cole",Pitcher,TEX,2026-08-25,214,787,True
668670,"Rogers, Jake",Pitcher,DET,2026-07-21,12,43,False
668674,"Erceg, Lucas",Pitcher,KC,2026-09-23,216,859,True
668678,"Gallen, Zac",Pitcher,AZ,2026-09-18,469,1773,True
668820,"Kranick, Max",Pitcher,WSH,2026-09-02,94,340,True
668831,"Stallings, Garrett",Pitcher,MIL,2026-09-17,51,194,True
668873,"Kilian, Caleb",Pitcher,PHI,2026-08-09,208,786,True
668881,"Greene, Hunter",Pitcher,CIN,2026-07-31,120,456,True
668909,"Williams, Gavin",Pitcher,CLE,2026-09-20,730,2886,True
668941,"Romero, JoJo",Pitcher,MIL,2026-09-20,226,879,True
668964,"Myers, Tobias",Pitcher,NYM,2026-09-19,224,822,True
668970,"Hollowell, Gavin",Pitcher,CHC,2026-07-30,63,253,True
668984,"Legumina, Casey",Pitcher,TB,2026-09-23,299,1102,True
669020,"Rolison, Ryan",Pitcher,CHC,2026-09-23,252,977,True
669022,"Gore, MacKenzie",Pitcher,TEX,2026-09-22,738,2937,True
669060,"Wilson, Bryse",Pitcher,MIL,2026-08-30,144,533,True
669062,"Miller, Erik",Pitcher,BOS,2026-09-22,222,962,True
669093,"Estrada, Jeremiah",Pitcher,SD,2026-08-24,126,512,True
669145,"Zimmermann, Bruce",Pitcher,STL,2026-07-07,21,72,True
669160,"May, Dustin",Pitcher,MIL,2026-09-22,609,2341,True
669165,"Hurt, Kyle",Pitcher,LAD,2026-09-22,199,742,True
669199,"Bachar, Lake",Pitcher,PIT,2026-09-23,351,1419,True
669212,"Morgan, Eli",Pitcher,KC,2026-07-18,90,339,True
669270,"Kuhnel, Joel",Pitcher,SF,2026-09-23,193,725,True
669276,"Lee, Dylan",Pitcher,ATL,2026-09-23,258,1044,True
669298,"Shook, TJ",Pitcher,COL,2026-08-17,36,134,True
669302,"Gilbert, Logan",Pitcher,SEA,2026-09-22,740,2922,True
669310,"Van Eyk, CJ",Pitcher,TOR,2026-09-23,55,225,True
669330,"Wells, Tyler",Pitcher,TB,2026-09-12,277,1068,True
669358,"Baz, Shane",Pitcher,BAL,2026-09-21,768,2911,True
669371,"Henry, Cole",Pitcher,WSH,2026-07-06,71,282,True
669372,"Ginn, J.T.",Pitcher,ATH,2026-08-26,580,2185,True
669373,"Skubal, Tarik",Pitcher,LAD,2026-09-19,598,2281,True
669387,"Mlodzinski, Carmen",Pitcher,PIT,2026-09-20,524,2031,True
669432,"Rogers, Trevor",Pitcher,BAL,2026-09-19,679,2634,True
669438,"Englert, Mason",Pitcher,TB,2026-09-23,179,664,True
669456,"Bieber, Shane",Pitcher,TOR,2026-08-20,242,930,True
669461,"Liberatore, Matthew",Pitcher,STL,2026-09-23,678,2610,True
669467,"Pallante, Andre",Pitcher,STL,2026-09-22,652,2551,True
669620,"Basso, Brady",Pitcher,ATH,2026-09-22,191,677,True
669684,"Murphy, Chris",Pitcher,CWS,2026-09-18,151,614,True
669711,"Weissert, Greg",Pitcher,BOS,2026-09-18,249,969,True
669713,"Wesneski, Hayden",Pitcher,HOU,2026-09-19,218,816,True
669724,"Hanifee, Brenan",Pitcher,DET,2026-08-06,92,321,True
669854,"Blanco, Ronel",Pitcher,HOU,2026-09-13,136,540,True
669923,"Kirby, George",Pitcher,SEA,2026-09-23,740,2758,True
670036,"Festa, Matt",Pitcher,CLE,2026-09-23,285,1081,True
670059,"Holderman, Colin",Pitcher,CLE,2026-09-03,221,860,True
670062,"Garcia, Julian",Pitcher,CIN,2026-09-16,179,712,True
670090,"Mills, Wyatt",Pitcher,LAD,2026-08-02,36,149,True
670167,"Schreiber, John",Pitcher,NYY,2026-09-23,242,987,True
670245,"Watson, Ryan",Pitcher,LAA,2026-09-19,301,1129,True
670280,"Bednar, David",Pitcher,NYY,2026-09-23,273,1126,True
670329,"Garcia, Rico",Pitcher,BAL,2026-09-23,265,997,True
670871,"Zuñiga, Guillo",Pitcher,NYM,2026-07-06,4,18,False
670950,"Richards, Trevor",Pitcher,CWS,2026-09-22,325,1238,True
670970,"Morejon, Adrian",Pitcher,SD,2026-09-23,338,1286,True
670990,"Ramírez, Yohan",Pitcher,PIT,2026-09-20,353,1369,True
671096,"Abbott, Andrew",Pitcher,CIN,2026-09-23,718,2858,True
671106,"Allen, Logan",Pitcher,CLE,2026-09-04,80,325,True
671162,"Thomas, Connor",Pitcher,KC,2026-09-23,107,385,True
671345,"Foley, Jason",Pitcher,SF,2026-09-21,107,411,True
671737,"Bradley, Taj",Pitcher,MIN,2026-09-22,748,2997,True
671922,"Smith, Cade",Pitcher,CLE,2026-09-22,290,1206,True
671936,"Macko, Adam",Pitcher,TEX,2026-09-20,146,577,True
672021,"Cerantola, Eric",Pitcher,KC,2026-06-30,28,122,True
672282,"Detmers, Reid",Pitcher,LAA,2026-09-19,717,2872,True
672335,"Pérez, Cionel",Pitcher,NYM,2026-09-23,188,747,True
672442,"Cruz, Yovanny",Pitcher,WSH,2026-09-23,67,249,True
672456,"Montero, Keider",Pitcher,DET,2026-09-21,625,2305,True
672629,"Carrillo, Gerardo",Pitcher,AZ,2026-09-07,81,316,True
672782,"Gómez, Yoendrys",Pitcher,MIN,2026-09-23,293,1114,True
673513,"Matsui, Yuki",Pitcher,SD,2026-09-23,256,1062,True
673540,"Senga, Kodai",Pitcher,NYM,2026-09-22,283,1129,True
674444,"Cruz, Steven",Pitcher,KC,2026-09-23,246,930,True
674841,"Alvarez, Andrew",Pitcher,WSH,2026-09-19,450,1756,True
675512,"Melton, Troy",Pitcher,DET,2026-09-20,470,1773,True
675540,"Curry, Xzavion",Pitcher,NYM,2026-09-16,95,348,True
675660,"Drohan, Shane",Pitcher,MIL,2026-09-18,507,1933,True
675848,"Mejia, Juan",Pitcher,COL,2026-09-22,311,1273,True
675916,"Karinchak, James",Pitcher,ATL,2026-07-09,37,162,True
675919,"Raquet, Nick",Pitcher,BAL,2026-07-07,17,75,False
676051,"Heuer, Codi",Pitcher,CLE,2026-07-18,46,189,True
676083,"Junk, Janson",Pitcher,MIA,2026-09-22,506,1917,True
676105,"Criswell, Jeff",Pitcher,COL,2026-07-17,18,79,False
676106,"Hancock, Emerson",Pitcher,SEA,2026-08-28,565,2171,True
676254,"Walker, Ryan",Pitcher,SF,2026-09-03,155,609,True
676263,"Dreyer, Jack",Pitcher,LAD,2026-09-23,251,1005,True
676282,"Cantillo, Joey",Pitcher,CLE,2026-09-18,668,2668,True
676440,"Bibee, Tanner",Pitcher,CLE,2026-09-19,752,2874,True
676477,"Whitlock, Garrett",Pitcher,BOS,2026-09-23,198,743,True
676534,"Faucher, Calvin",Pitcher,MIA,2026-09-23,288,1142,True
676571,"Poulin, PJ",Pitcher,WSH,2026-07-11,151,635,True
676604,"Zuber, Tyler",Pitcher,MIA,2026-09-22,175,694,True
676617,"O'Brien, Riley",Pitcher,STL,2026-09-20,273,1064,True
676661,"Lazar, Max",Pitcher,PHI,2026-09-23,37,138,True
676664,"Sears, JP",Pitcher,SD,2026-08-02,142,529,True
676680,"Cosgrove, Tom",Pitcher,WSH,2026-08-30,74,268,True
676702,"Stratton, Hunter",Pitcher,PIT,2026-07-09,15,56,False
676742,"Sanders, Cam",Pitcher,BAL,2026-09-20,127,528,True
676755,"Mattson, Isaac",Pitcher,PIT,2026-09-05,176,728,True
676760,"Marinaccio, Ron",Pitcher,CIN,2026-08-16,261,1042,True
676775,"Winn, Keaton",Pitcher,SF,2026-08-16,176,644,True
676879,"Ashby, Aaron",Pitcher,MIL,2026-09-19,370,1523,True
676910,"Seelinger, Matt",Pitcher,NYM,2026-07-07,15,52,False
676917,"Cavalli, Cade",Pitcher,WSH,2026-09-18,702,2777,True
676974,"Meyer, Max",Pitcher,MIA,2026-07-18,462,1789,True
677020,"Walker, Josh",Pitcher,BAL,2026-09-23,119,481,True
677865,"Bruihl, Justin",Pitcher,STL,2026-09-22,336,1295,True
677944,"Cecconi, Slade",Pitcher,CLE,2026-09-19,525,1997,True
677952,"Ashcraft, Braxton",Pitcher,PIT,2026-09-05,666,2413,True
677958,"Rocker, Kumar",Pitcher,TEX,2026-09-18,627,2422,True
677960,"Weathers, Ryan",Pitcher,NYY,2026-08-22,566,2280,True
677961,"Wilcox, Cole",Pitcher,SEA,2026-08-06,122,488,True
677976,"Dobnak, Randy",Pitcher,KC,2026-09-18,310,1222,True
678020,"Halvorsen, Seth",Pitcher,LAD,2026-09-19,140,522,True
678022,"Perkins, Jack",Pitcher,ATH,2026-09-20,514,1972,True
678391,"Vivas, Jorbit",Pitcher,WSH,2026-08-26,27,53,True
678394,"Bello, Brayan",Pitcher,BOS,2026-09-19,486,1848,True
678606,"Ferrer, José A.",Pitcher,SEA,2026-09-23,287,1066,True
678868,"Yean, Eddy",Pitcher,WSH,2026-09-09,45,168,True
678906,"Teng, Kai-Wei",Pitcher,HOU,2026-09-05,331,1266,True
679358,"Orze, Eric",Pitcher,MIN,2026-07-08,188,677,True
679775,"Backhus, Kyle",Pitcher,PHI,2026-08-03,93,354,True
679883,"Avila, Luinder",Pitcher,KC,2026-08-01,310,1293,True
680570,"Rodriguez, Grayson",Pitcher,LAA,2026-09-18,422,1667,True
680694,"Bradish, Kyle",Pitcher,BAL,2026-09-12,663,2629,True
680702,"Gerber, Joey",Pitcher,NYM,2026-07-04,34,129,True
680723,"Rom, Drew",Pitcher,ATH,2026-09-22,71,262,True
680732,"Burke, Sean",Pitcher,CWS,2026-09-19,700,2789,True
680736,"Wrobleski, Justin",Pitcher,LAD,2026-09-22,565,2091,True
680742,"Bowlan, Jonathan",Pitcher,PHI,2026-09-17,231,966,True
680744,"Madden, Ty",Pitcher,DET,2026-09-20,181,719,True
680755,"Fisher, Braydon",Pitcher,TOR,2026-09-18,303,1237,True
680767,"Vodnik, Victor",Pitcher,MIA,2026-09-22,256,992,True
680916,"Aleman, Franco",Pitcher,CLE,2026-09-12,105,427,True
681035,"Scott, Christian",Pitcher,NYM,2026-09-19,474,1964,True
681190,"Vásquez, Randy",Pitcher,SD,2026-09-19,568,2158,True
681217,"Silseth, Chase",Pitcher,TEX,2026-09-23,261,1064,True
681252,"Anderson, Jack",Pitcher,MIN,2026-07-28,48,180,True
681293,"Arrighetti, Spencer",Pitcher,TOR,2026-09-20,491,1942,True
681347,"Burrows, Mike",Pitcher,HOU,2026-07-06,422,1567,True
681402,"Varland, Gus",Pitcher,WSH,2026-07-28,150,565,True
681517,"Leahy, Kyle",Pitcher,STL,2026-09-18,588,2291,True
681676,"Fernandez, Ryan",Pitcher,STL,2026-09-02,100,387,True
681751,"Estrada, Lazaro",Pitcher,TOR,2026-08-13,56,228,True
681806,"Wantz, Andrew",Pitcher,CHC,2026-07-28,20,81,True
681810,"Warren, Austin",Pitcher,NYM,2026-09-20,205,887,True
681870,"Sabrowski, Erik",Pitcher,CLE,2026-09-22,194,788,True
681892,"Funderburk, Kody",Pitcher,MIN,2026-09-22,217,857,True
681911,"Vesia, Alex",Pitcher,LAD,2026-09-22,232,989,True
681916,"Smith, Dylan",Pitcher,SF,2026-09-23,168,677,True
681982,"Anderson, Grant",Pitcher,MIL,2026-09-06,235,915,True
682052,"Lopez, Jacob",Pitcher,ATH,2026-09-19,526,2132,True
682120,"Herrin, Tim",Pitcher,CLE,2026-09-23,236,965,True
682243,"Miller, Bryce",Pitcher,SEA,2026-09-19,456,1793,True
682254,"Montgomery, Mason",Pitcher,PIT,2026-09-20,266,1118,True
682608,"Gray, Peyton",Pitcher,TEX,2026-09-22,247,944,True
682668,"Acuña, Luisangel",Pitcher,CWS,2026-08-24,10,28,False
682842,"Uribe, Abner",Pitcher,MIL,2026-09-23,229,907,True
682982,"Espino, Daniel",Pitcher,CLE,2026-09-18,59,243,True
682989,"Mederos, Victor",Pitcher,ATL,2026-09-23,140,550,True
682997,"Callihan, Tyler",Pitcher,PIT,2026-07-25,15,53,False
683000,"Cornelio, Riley",Pitcher,WSH,2026-09-22,153,654,True
683003,"Jones, Jared",Pitcher,PIT,2026-09-22,403,1579,True
683352,"Bratt, Mitch",Pitcher,AZ,2026-08-29,193,726,True
683409,"Chivilli, Angel",Pitcher,NYY,2026-08-03,72,285,True
683618,"Henriquez, Edgardo",Pitcher,LAD,2026-09-13,241,968,True
683734,"Vaughn, Andrew",Pitcher,MIL,2026-08-31,25,83,True
683742,"Franco, Jose",Pitcher,CIN,2026-07-28,90,348,True
683769,"Gaddis, Hunter",Pitcher,CLE,2026-09-22,247,948,True
684007,"Imanaga, Shota",Pitcher,CHC,2026-09-22,702,2798,True
684049,"Bidois, Brandan",Pitcher,PIT,2026-06-30,80,325,True
684442,"Drake, Kohl",Pitcher,AZ,2026-08-28,95,382,True
684974,"Yoho, Craig",Pitcher,CLE,2026-09-22,159,625,True
685126,"Eisert, Brandon",Pitcher,PIT,2026-09-23,185,767,True
685299,"Gordon, Tanner",Pitcher,COL,2026-09-17,447,1596,True
686218,"Sheehan, Emmet",Pitcher,LAD,2026-09-20,472,1954,True
686228,"Burgos, Juan",Pitcher,AZ,2026-08-27,17,53,False
686475,"Tolbert, Tyler",Pitcher,KC,2026-07-19,33,106,True
686560,"Collyer, Gavin",Pitcher,TEX,2026-07-17,105,446,True
686580,"Slaten, Justin",Pitcher,BOS,2026-08-12,136,508,True
686613,"Brown, Hunter",Pitcher,HOU,2026-09-20,429,1781,True
686751,"Johnson, Seth",Pitcher,ATH,2026-09-22,146,555,True
686753,"Jameson, Drey",Pitcher,AZ,2026-08-24,86,306,True
686790,"McDonald, Trevor",Pitcher,SF,2026-07-20,308,1137,True
686930,"Barnett, Mason",Pitcher,ATH,2026-09-18,206,822,True
686934,"McFarlane, Alex",Pitcher,PHI,2026-09-22,68,263,True
686973,"Varland, Louis",Pitcher,TOR,2026-09-20,305,1225,True
686993,"Sterner, Justin",Pitcher,ATH,2026-07-17,183,726,True
687064,"Young, Brandon",Pitcher,BAL,2026-09-20,650,2448,True
687075,"Sproat, Brandon",Pitcher,MIL,2026-09-09,421,1727,True
687223,"Palmquist, Carson",Pitcher,WSH,2026-08-04,78,313,True
687239,"Peoples, Ben",Pitcher,TEX,2026-09-02,68,282,True
687312,"Hughes, Gabriel",Pitcher,COL,2026-09-18,281,1142,True
687330,"Kelly, Kevin",Pitcher,TB,2026-09-22,272,978,True
687377,"Ribalta, Orlando",Pitcher,WSH,2026-09-01,178,750,True
687396,"Headrick, Brent",Pitcher,NYY,2026-09-23,319,1256,True
687473,"Gusto, Ryan",Pitcher,MIA,2026-09-23,393,1436,True
687531,"Kempner, William",Pitcher,MIA,2026-07-11,50,199,True
687562,"Bennett, Jake",Pitcher,BOS,2026-09-16,440,1553,True
687570,"Prielipp, Connor",Pitcher,MIN,2026-09-23,535,2067,True
687606,"Schultz, Paxton",Pitcher,WSH,2026-07-29,154,610,True
687849,"Kent, Zak",Pitcher,WSH,2026-09-08,77,294,True
687911,"King, Bryan",Pitcher,HOU,2026-09-20,265,1021,True
687931,"Whisenhunt, Carson",Pitcher,SF,2026-08-24,164,617,True
687941,"Gamboa, Alec",Pitcher,BOS,2026-09-22,120,426,True
688107,"Gasser, Robert",Pitcher,MIL,2026-09-19,442,1730,True
688297,"Roycroft, Chris",Pitcher,ATH,2026-09-19,173,633,True
688642,"Agnos, Zach",Pitcher,COL,2026-09-22,404,1502,True
689017,"Knack, Landon",Pitcher,LAD,2026-09-17,50,187,True
689147,"Kerkering, Orion",Pitcher,PHI,2026-09-19,267,1093,True
689149,"Dallas, Chad",Pitcher,TOR,2026-09-21,57,227,True
689225,"Brieske, Beau",Pitcher,DET,2026-09-22,91,357,True
689254,"Fluharty, Mason",Pitcher,TOR,2026-09-21,260,1016,True
689266,"Dodd, Dylan",Pitcher,ATL,2026-09-20,181,733,True
689296,"Nunez, Anthony",Pitcher,BAL,2026-09-23,250,979,True
689520,"Laweryson, Cody",Pitcher,MIN,2026-07-01,77,296,True
689546,"Davila, Nick",Pitcher,SEA,2026-08-30,119,446,True
689690,"Jacob, Alek",Pitcher,SD,2026-07-06,23,87,True
690925,"Beeter, Clayton",Pitcher,WSH,2026-09-11,209,796,True
690928,"Dobbins, Hunter",Pitcher,STL,2026-08-21,231,932,True
690978,"Fulton, Dax",Pitcher,MIA,2026-09-18,109,437,True
690986,"Harrison, Kyle",Pitcher,MIL,2026-09-22,499,2077,True
690997,"McLean, Nolan",Pitcher,NYM,2026-09-23,745,2914,True
691008,"Rajcic, Max",Pitcher,STL,2026-07-03,39,163,True
691587,"Pérez, Eury",Pitcher,MIA,2026-09-22,632,2568,True
691594,"Sanoja, Javier",Pitcher,MIA,2026-08-13,27,73,True
691769,"Abner, Philip",Pitcher,SF,2026-09-19,86,313,True
691799,"Taylor, Grant",Pitcher,CWS,2026-09-19,329,1316,True
691951,"Aldegheri, Sam",Pitcher,LAA,2026-07-04,152,610,True
692030,"Corniell, Jose",Pitcher,TEX,2026-07-20,28,104,True
692437,"Santos, Winston",Pitcher,TEX,2026-07-01,9,33,False
693433,"Woo, Bryan",Pitcher,SEA,2026-09-18,684,2561,True
693645,"Schlittler, Cam",Pitcher,NYY,2026-09-19,745,2971,True
693686,"Miles, Spencer",Pitcher,TOR,2026-09-20,382,1475,True
693713,"Teodo, Emiliano",Pitcher,TEX,2026-07-17,10,43,False
693821,"Elder, Bryce",Pitcher,ATL,2026-08-31,633,2245,True
693855,"Seymour, Ian",Pitcher,TB,2026-09-18,535,2063,True
694297,"Pfaadt, Brandon",Pitcher,AZ,2026-09-19,530,1927,True
694335,"Svanson, Matt",Pitcher,STL,2026-07-28,207,788,True
694341,"Beck, Brendan",Pitcher,NYY,2026-08-29,34,149,True
694346,"Gibson, Trey",Pitcher,BAL,2026-09-23,183,711,True
694350,"Brzykcy, Zach",Pitcher,MIA,2026-07-21,12,48,False
694360,"Way, Beck",Pitcher,KC,2026-07-24,105,389,True
694361,"Klein, Will",Pitcher,LAD,2026-07-31,187,762,True
694363,"Shuster, Jared",Pitcher,STL,2026-07-07,44,166,True
694397,"Raya, Marco",Pitcher,MIN,2026-07-04,25,100,True
694462,"Waldrep, Hurston",Pitcher,ATL,2026-07-07,56,215,True
694477,"Patrick, Chad",Pitcher,MIL,2026-09-20,432,1688,True
694738,"Roupp, Landen",Pitcher,SF,2026-09-14,657,2712,True
694753,"Curtis, Khristian",Pitcher,PIT,2026-09-23,87,349,True
694819,"Misiorowski, Jacob",Pitcher,MIL,2026-09-20,645,2579,True
694973,"Skenes, Paul",Pitcher,PIT,2026-09-18,691,2794,True
695001,"Santa, Alimber",Pitcher,HOU,2026-07-08,59,238,True
695034,"Morris, Kade",Pitcher,ATH,2026-09-04,88,322,True
695076,"Lowder, Rhett",Pitcher,CIN,2026-09-20,572,2217,True
695239,"Ahlstrom, Robby",Pitcher,TEX,2026-09-17,162,648,True
695243,"Miller, Mason",Pitcher,SD,2026-09-23,260,1108,True
695380,"Hoppe, Alex",Pitcher,BAL,2026-09-19,184,711,True
695418,"Lord, Brad",Pitcher,WSH,2026-09-23,352,1466,True
695505,"Burns, Chase",Pitcher,CIN,2026-09-18,621,2569,True
695534,"Petty, Chase",Pitcher,CIN,2026-08-07,137,477,True
695611,"Jump, Gage",Pitcher,ATH,2026-09-12,437,1756,True
696062,"Dotel, Wilber",Pitcher,PIT,2026-09-20,167,659,True
696070,"Rojas, Kendry",Pitcher,MIN,2026-08-02,130,521,True
696136,"Wicks, Jordan",Pitcher,CHC,2026-07-01,50,180,True
696147,"Bachman, Sam",Pitcher,LAA,2026-09-22,208,804,True
696149,"Chandler, Bubba",Pitcher,PIT,2026-09-19,657,2609,True
696270,"Johnson, Ryan",Pitcher,LAA,2026-09-20,411,1636,True
696519,"Natera Jr., Samy",Pitcher,LAA,2026-09-11,132,580,True
696522,"Juenger, Hayden",Pitcher,ATH,2026-08-24,81,292,True
699008,"Kelly, Antwone",Pitcher,PIT,2026-09-23,71,263,True
699044,"Ullola, Miguel",Pitcher,HOU,2026-09-22,48,183,True
699134,"Rodriguez, Bradgley",Pitcher,SD,2026-09-23,293,1149,True
699823,"Davis, Tyler",Pitcher,CWS,2026-09-08,124,470,True
700241,"McGreevy, Michael",Pitcher,STL,2026-09-19,676,2682,True
700363,"Smith-Shawver, AJ",Pitcher,ATL,2026-09-20,132,516,True
700669,"Graceffo, Gordon",Pitcher,STL,2026-09-19,312,1178,True
700712,"Ureña, Walbert",Pitcher,LAA,2026-09-23,624,2481,True
700842,"Rivera, Eduardo",Pitcher,BOS,2026-07-22,44,210,True
701519,"Adams, Travis",Pitcher,MIN,2026-09-21,239,910,True
701542,"Warren, Will",Pitcher,NYY,2026-09-20,661,2588,True
701656,"Henderson, Logan",Pitcher,MIL,2026-09-23,373,1505,True
702021,"Dion, Will",Pitcher,WSH,2026-09-23,194,755,True
702056,"Yesavage, Trey",Pitcher,TOR,2026-09-21,393,1589,True
702070,"Cameron, Noah",Pitcher,KC,2026-09-19,717,2792,True
702193,"Morris, Andrew",Pitcher,MIN,2026-09-23,313,1279,True
702273,"Schultz, Noah",Pitcher,CWS,2026-09-22,311,1220,True
702275,"Ritchie, JR",Pitcher,ATL,2026-09-22,300,1191,True
702352,"Bivens, Spencer",Pitcher,SF,2026-08-28,30,127,True
702474,"Paredes, Mike",Pitcher,MIN,2026-07-21,154,551,True
702566,"Murphy, Owen",Pitcher,ATL,2026-09-22,56,212,True
703615,"Cabrera, Jose",Pitcher,AZ,2026-09-07,119,423,True
703725,"Gastelum, Luis",Pitcher,STL,2026-09-23,147,572,True
800048,"Messick, Parker",Pitcher,CLE,2026-09-22,730,2884,True
800311,"Fuentes, Didier",Pitcher,ATL,2026-09-22,290,1205,True
801139,"Tolle, Payton",Pitcher,BOS,2026-09-22,600,2282,True
801434,"Gervase, Paul",Pitcher,LAD,2026-07-05,35,124,True
804267,"Thornton, Zac",Pitcher,NYM,2026-09-18,318,1173,True
805123,"Blubaugh, AJ",Pitcher,HOU,2026-09-23,395,1625,True
805299,"Garcia, Brandyn",Pitcher,AZ,2026-09-23,188,687,True
805326,"Schweitzer, Tyler",Pitcher,CWS,2026-09-11,154,566,True
805427,"Sommers, Drew",Pitcher,DET,2026-09-21,166,629,True
805673,"Matthews, Zebby",Pitcher,MIN,2026-09-21,545,2117,True
806188,"Gibson, Cade",Pitcher,MIA,2026-09-23,221,869,True
806960,"Morales, Luis",Pitcher,ATH,2026-07-31,90,346,True
807743,"Sullivan, Sean",Pitcher,COL,2026-07-04,114,412,True
808963,"Sasaki, Roki",Pitcher,LAD,2026-09-22,517,2072,True
808967,"Yamamoto, Yoshinobu",Pitcher,LAD,2026-09-23,706,2734,True
808970,"Go, Woo-Suk",Pitcher,MIN,2026-07-20,22,86,True
810938,"Williamson, Ben",Pitcher,TB,2026-07-17,21,50,True
813349,"Early, Connelly",Pitcher,BOS,2026-06-30,388,1528,True
814305,"Tur, Yunior",Pitcher,ATH,2026-09-17,65,248,True
815083,"Farris, Mitch",Pitcher,LAA,2026-09-23,247,918,True
820862,"Fermin, José",Pitcher,LAA,2026-09-23,234,974,True
837227,"Imai, Tatsuya",Pitcher,HOU,2026-09-20,334,1441,True
500743,"Rojas, Miguel",Pitcher,LAD,2026-06-27,23,53,True
500779,"Quintana, Jose",Pitcher,COL,2026-09-19,199,757,True
547184,"Kelly, Michael",Pitcher,ATH,2026-05-31,32,121,True
571948,"Milner, Hoby",Pitcher,SEA,2026-09-12,164,632,True
592094,"Adam, Jason",Pitcher,SD,2026-06-29,134,551,True
592826,"Velasquez, Vince",Pitcher,CHC,2026-06-27,11,43,False
595014,"Treinen, Blake",Pitcher,LAD,2026-09-23,129,494,True
595978,"Hedges, Austin",Pitcher,CLE,2026-09-02,20,55,True
605130,"Barlow, Scott",Pitcher,ATH,2026-06-20,153,581,True
605135,"Bassitt, Chris",Pitcher,BAL,2026-09-23,462,1731,True
605335,"Leibrandt, Brandon",Pitcher,CIN,2026-06-01,28,99,True
605452,"Ross, Joe",Pitcher,TEX,2026-06-27,57,205,True
606115,"Arcia, Orlando",Pitcher,MIN,2026-05-27,5,14,False
607074,"Rodón, Carlos",Pitcher,NYY,2026-09-22,339,1438,True
607455,"Banda, Anthony",Pitcher,MIN,2026-06-28,156,608,True
608337,"Giolito, Lucas",Pitcher,SD,2026-06-21,138,551,True
608348,"Kelly, Carson",Pitcher,CHC,2026-08-23,13,29,False
608650,"Enns, Dietrich",Pitcher,BAL,2026-05-25,70,291,True
608723,"Voth, Austin",Pitcher,MIN,2026-06-23,56,215,True
621366,"Borucki, Ryan",Pitcher,SF,2026-05-30,104,380,True
622663,"Severino, Luis",Pitcher,ATH,2026-05-29,271,1086,True
624522,"Thompson, Keegan",Pitcher,COL,2026-06-07,57,195,True
628708,"Marte, Yunior",Pitcher,CIN,2026-05-29,6,21,False
642546,"Hernández, Jonathan",Pitcher,LAD,2026-08-15,107,413,True
646241,"De Jesus, Enmanuel",Pitcher,DET,2026-08-21,178,669,True
647336,"Soroka, Michael",Pitcher,AZ,2026-09-22,454,1762,True
656222,"Beeks, Jalen",Pitcher,TEX,2026-06-09,113,407,True
656457,"Gilbert, Tyler",Pitcher,CWS,2026-08-30,32,134,True
660787,"De los Santos, Yerry",Pitcher,NYY,2026-08-29,83,315,True
663158,"Suarez, Robert",Pitcher,ATL,2026-09-23,124,479,True
663559,"Falter, Bailey",Pitcher,ATL,2026-09-13,69,217,True
663574,"Santillan, Tony",Pitcher,CIN,2026-09-17,187,698,True
663623,"Irvin, Jake",Pitcher,WSH,2026-09-20,446,1838,True
663978,"Paddack, Chris",Pitcher,TEX,2026-06-29,264,1015,True
663992,"Lovelady, Richard",Pitcher,WSH,2026-09-23,162,611,True
664059,"Haggerty, Sam",Pitcher,TEX,2026-05-25,3,6,False
664854,"Helsley, Ryan",Pitcher,BAL,2026-06-27,69,273,True
665665,"Sanmartin, Reiver",Pitcher,SF,2026-09-16,92,345,True
665795,"Cabrera, Edward",Pitcher,CHC,2026-09-22,349,1353,True
666374,"Brash, Matt",Pitcher,SEA,2026-06-08,65,262,True
666711,"Peguero, Joel",Pitcher,SF,2026-05-31,49,169,True
668933,"Ashcraft, Graham",Pitcher,CIN,2026-09-23,137,585,True
669084,"Hall, DL",Pitcher,MIL,2026-09-23,232,972,True
669169,"Heasley, Jonathan",Pitcher,TB,2026-05-27,19,64,False
669194,"Nelson, Ryne",Pitcher,AZ,2026-09-20,365,1340,True
669211,"Akin, Keegan",Pitcher,BAL,2026-06-27,112,443,True
669622,"Bender, Anthony",Pitcher,MIA,2026-06-27,140,539,True
669704,"Strowd, Kade",Pitcher,AZ,2026-09-08,14,59,False
669920,"Alexander, Jason",Pitcher,HOU,2026-05-26,83,299,True
669947,"Scholtens, Jesse",Pitcher,TB,2026-08-18,197,723,True
670097,"Short, Zack",Pitcher,NYM,2026-06-20,3,10,False
671083,"Kennedy, Buddy",Pitcher,SF,2026-06-01,9,39,False
671111,"Peralta, Sammy",Pitcher,LAA,2026-09-20,92,324,True
673929,"Leasure, Jordan",Pitcher,CWS,2026-05-28,78,313,True
675627,"Grove, Michael",Pitcher,TB,2026-08-12,28,89,True
675911,"Strider, Spencer",Pitcher,ATL,2026-06-12,165,691,True
676428,"Hurter, Brant",Pitcher,DET,2026-09-22,136,488,True
676510,"Hoffman, Nolan",Pitcher,KC,2026-09-22,56,195,True
676568,"Vanasco, Ricky",Pitcher,DET,2026-05-28,40,170,True
676684,"Vest, Will",Pitcher,DET,2026-06-27,115,484,True
676694,"Meyers, Jake",Pitcher,HOU,2026-06-26,3,9,False
676962,"Brown, Ben",Pitcher,CHC,2026-06-19,263,1004,True
677053,"Nardi, Andrew",Pitcher,MIA,2026-05-27,99,378,True
677955,"Hill, Jaden",Pitcher,COL,2026-09-23,177,677,True
678576,"Ramos, Wilkin",Pitcher,SF,2026-06-04,15,61,False
680474,"Schuemann, Max",Pitcher,NYY,2026-06-20,5,14,False
680573,"Woods Richardson, Simeon",Pitcher,TOR,2026-08-27,305,1161,True
680604,"Castaño, Blas",Pitcher,COL,2026-09-14,110,460,True
680689,"Richardson, Lyon",Pitcher,MIL,2026-08-10,15,68,False
680728,"Del Castillo, Adrian",Pitcher,AZ,2026-06-05,10,16,False
680730,"Parker, Mitchell",Pitcher,WSH,2026-06-28,178,664,True
681006,"Simpson, Josh",Pitcher,SEA,2026-08-18,38,153,True
681084,"Andrews, Tanner",Pitcher,TOR,2026-05-26,11,43,False
681151,"Murray, Jayden",Pitcher,CHC,2026-06-26,79,304,True
681168,"Curvelo, Luis",Pitcher,TEX,2026-07-31,53,187,True
681799,"Roberts, Ethan",Pitcher,CHC,2026-06-28,110,436,True
681867,"Criswell, Cooper",Pitcher,SEA,2026-09-23,160,608,True
681895,"Sisk, Evan",Pitcher,PIT,2026-09-01,187,791,True
682445,"Gonzalez, Domingo",Pitcher,SEA,2026-06-10,36,129,True
682769,"Castellano, Eiberson",Pitcher,COL,2026-06-14,12,35,False
682825,"Mey, Luis",Pitcher,CIN,2026-09-23,151,625,True
683004,"Leiter, Jack",Pitcher,TEX,2026-06-18,355,1397,True
683155,"Estes, Joey",Pitcher,ATH,2026-09-12,34,125,True
683175,"Phillips, Connor",Pitcher,CIN,2026-05-23,133,546,True
683232,"Mears, Nick",Pitcher,KC,2026-05-27,82,341,True
683627,"Molina, Anthony",Pitcher,SF,2026-09-22,136,541,True
684320,"Rodríguez, Yariel",Pitcher,TOR,2026-06-05,45,172,True
685112,"McCambley, Zach",Pitcher,CIN,2026-09-19,47,190,True
685801,"Bigge, Hunter",Pitcher,TB,2026-05-29,85,319,True
686747,"La Sorsa, Joe",Pitcher,BOS,2026-06-07,2,8,False
686799,"Kochanowicz, Jack",Pitcher,LAA,2026-06-06,292,1106,True
687209,"Maxwell, Zach",Pitcher,CIN,2026-08-20,66,291,True
687721,"Weston, Cameron",Pitcher,BAL,2026-05-28,3,17,False
687765,"Spence, Mitch",Pitcher,KC,2026-06-26,56,200,True
687985,"White, Josh",Pitcher,MIA,2026-05-31,8,43,False
688158,"Morgan, David",Pitcher,SD,2026-09-23,151,564,True
688883,"Pallette, Peyton",Pitcher,CLE,2026-05-23,97,442,True
689441,"Crow, Coleman",Pitcher,MIL,2026-06-09,86,295,True
689818,"Sandlin, David",Pitcher,CWS,2026-09-18,145,553,True
690155,"Pushard, Matt",Pitcher,STL,2026-05-30,32,120,True
691725,"Painter, Andrew",Pitcher,PHI,2026-09-19,528,2033,True
692230,"Rodriguez, Carlos",Pitcher,MIL,2026-05-30,42,182,True
693313,"Seymour, Carson",Pitcher,SF,2026-09-22,132,510,True
694037,"Palencia, Daniel",Pitcher,CHC,2026-09-22,118,462,True
694646,"McDermott, Chayce",Pitcher,NYM,2026-08-26,36,155,True
694680,"Martin, Trevor",Pitcher,LAA,2026-08-29,66,229,True
695049,"Kerry, Brett",Pitcher,LAA,2026-08-08,54,212,True
695445,"Lee, Chase",Pitcher,TOR,2026-09-23,40,146,True
695684,"Rodríguez, Elmer",Pitcher,NYY,2026-08-31,125,497,True
696131,"Black, Mason",Pitcher,KC,2026-08-26,142,556,True
697812,"Rock, Joe",Pitcher,ATH,2026-09-17,56,211,True
700270,"Díaz, Yilber",Pitcher,DET,2026-09-13,34,146,True
700327,"Herrera, Welinton",Pitcher,COL,2026-05-29,10,45,False
701121,"VanWey, Logan",Pitcher,HOU,2026-09-23,36,144,True
701719,"Samaniego, Tyler",Pitcher,BOS,2026-06-02,90,314,True
702153,"Fitzpatrick, Brian",Pitcher,MIL,2026-06-05,30,109,True
702752,"Pintaro, Jonathan",Pitcher,NYM,2026-09-19,126,506,True
802408,"Mautz, Brycen",Pitcher,STL,2026-09-19,66,260,True
804619,"Klein, John",Pitcher,MIN,2026-05-30,19,82,False
804636,"Tong, Jonah",Pitcher,NYM,2026-09-20,113,452,True
472610,"García, Luis",Pitcher,MIN,2026-05-17,71,265,True
543510,"McCann, James",Pitcher,AZ,2026-04-30,22,57,True
572143,"Smith, Burch",Pitcher,DET,2026-05-21,72,287,True
573009,"Mantiply, Joe",Pitcher,TOR,2026-09-18,112,399,True
579328,"Kikuchi, Yusei",Pitcher,LAA,2026-09-22,281,1112,True
592836,"Walker, Taijuan",Pitcher,PHI,2026-04-22,114,424,True
605156,"Brooks, Aaron",Pitcher,TB,2026-05-13,4,17,False
605218,"Edwards Jr., Carl",Pitcher,NYM,2026-04-29,25,99,True
605280,"Holmes, Clay",Pitcher,CHC,2026-09-18,398,1535,True
605441,"Ríos, Yacksel",Pitcher,CHC,2026-04-26,5,13,False
605483,"Snell, Blake",Pitcher,LAD,2026-09-16,158,664,True
606303,"Payamps, Joel",Pitcher,ATL,2026-04-30,36,151,True
606965,"Devenski, Chris",Pitcher,NYM,2026-09-09,39,134,True
607192,"Glasnow, Tyler",Pitcher,LAD,2026-09-18,264,1058,True
607481,"Bummer, Aaron",Pitcher,KC,2026-08-06,88,328,True
608371,"Sims, Lucas",Pitcher,CWS,2026-04-22,47,171,True
621139,"Kriske, Brooks",Pitcher,ATH,2026-05-12,10,38,False
621389,"Blach, Ty",Pitcher,CHC,2026-05-18,9,30,False
623437,"Topa, Justin",Pitcher,NYY,2026-08-29,106,414,True
624428,"Frazier, Adam",Pitcher,LAA,2026-05-16,14,45,False
624431,"Trevino, Jose",Pitcher,CIN,2026-09-11,49,125,True
624512,"McGuire, Reese",Pitcher,CWS,2026-04-15,3,9,False
641312,"Anderson, Shaun",Pitcher,LAA,2026-08-09,93,351,True
641401,"Brogdon, Connor",Pitcher,CLE,2026-09-14,70,281,True
641585,"France, J.P.",Pitcher,HOU,2026-04-17,31,117,True
642215,"Wilson, Weston",Pitcher,SEA,2026-08-23,21,59,True
642759,"Fernández, Julian",Pitcher,WSH,2026-04-23,18,71,False
656686,"Martin, Corbin",Pitcher,CHC,2026-05-06,25,111,True
661563,"Gil, Luis",Pitcher,NYY,2026-09-20,114,455,True
663460,"Bubic, Kris",Pitcher,LAD,2026-09-23,221,870,True
663967,"Salazar, César",Pitcher,HOU,2026-05-06,4,10,False
664192,"Lucchesi, Joey",Pitcher,LAA,2026-04-28,24,111,True
664238,"Moore, Dylan",Pitcher,PHI,2026-04-15,7,20,False
664744,"Espada, Jose",Pitcher,BAL,2026-04-30,4,15,False
666129,"Garrett, Braxton",Pitcher,MIA,2026-05-19,27,129,True
666142,"Ragans, Cole",Pitcher,KC,2026-05-06,152,639,True
666201,"Manoah, Alek",Pitcher,LAA,2026-05-16,39,161,True
666619,"Santos, Gregory",Pitcher,SF,2026-05-09,22,86,True
668834,"McGee, Easton",Pitcher,KC,2026-09-12,52,184,True
670183,"Acton, Garrett",Pitcher,MIN,2026-09-06,51,203,True
671109,"Eder, Jake",Pitcher,LAD,2026-05-02,15,56,False
671382,"Foster, Cameron",Pitcher,BAL,2026-05-18,48,189,True
672582,"Zerpa, Angel",Pitcher,MIL,2026-04-25,55,216,True
674370,"Bido, Osvaldo",Pitcher,CWS,2026-05-06,81,317,True
675989,"Bolton, Cody",Pitcher,HOU,2026-05-17,95,391,True
676395,"Garcia, Robert",Pitcher,TEX,2026-09-22,62,250,True
676467,"Gordon, Colton",Pitcher,MIL,2026-09-22,71,272,True
676979,"Crochet, Garrett",Pitcher,BOS,2026-04-25,136,518,True
677161,"Kelly, Zack",Pitcher,BOS,2026-05-19,70,283,True
680704,"Sandlin, Nick",Pitcher,LAA,2026-05-03,41,157,True
680802,"Weiss, Ryan",Pitcher,HOU,2026-05-04,131,530,True
680951,"Nikhazy, Doug",Pitcher,CWS,2026-04-17,9,39,False
681432,"Little, Luke",Pitcher,CHC,2026-04-15,5,19,False
682227,"Williamson, Brandon",Pitcher,CIN,2026-09-22,214,831,True
682995,"Barco, Hunter",Pitcher,PIT,2026-08-16,86,351,True
683766,"Koss, Christian",Pitcher,SF,2026-05-09,10,28,False
685005,"Roa, Christian",Pitcher,HOU,2026-04-16,43,178,True
686678,"Solesky, Chase",Pitcher,TB,2026-05-18,17,58,False
686894,"Wiemer, Joey",Pitcher,WSH,2026-05-14,16,43,False
690953,"Abel, Mick",Pitcher,MIN,2026-04-14,93,357,True
693312,"Nicolas, Kyle",Pitcher,CIN,2026-04-24,40,198,True
694795,"Ekness, Josh",Pitcher,MIA,2026-09-22,123,510,True
694851,"Hoffmann, Andrew",Pitcher,AZ,2026-04-28,59,230,True
694918,"Tidwell, Blade",Pitcher,SF,2026-09-21,235,959,True
700249,"Povich, Cade",Pitcher,BAL,2026-09-18,159,611,True
701552,"Granillo, Andre",Pitcher,WSH,2026-05-05,50,198,True
702281,"Snelling, Robby",Pitcher,MIA,2026-05-08,22,86,True
702303,"Martin, Riley",Pitcher,CHC,2026-04-23,32,118,True
801403,"Dollander, Chase",Pitcher,COL,2026-05-14,190,743,True
434378,"Verlander, Justin",Pitcher,DET,2026-03-30,19,80,False
476594,"Stock, Robert",Pitcher,NYM,2026-09-09,147,560,True
543238,"Gose, Anthony",Pitcher,KC,2026-09-23,42,158,True
571882,"Law, Derek",Pitcher,AZ,2026-09-12,35,155,True
601713,"Pivetta, Nick",Pitcher,SD,2026-09-18,120,491,True
605242,"Fulmer, Michael",Pitcher,NYY,2026-09-22,53,236,True
608032,"Estévez, Carlos",Pitcher,KC,2026-03-28,7,27,False
621107,"Eflin, Zach",Pitcher,BAL,2026-03-31,17,74,False
640451,"Harvey, Hunter",Pitcher,CHC,2026-04-08,18,76,False
642376,"Yan, Jefry",Pitcher,NYM,2026-09-20,82,314,True
642585,"Bautista, Félix",Pitcher,BAL,2026-09-23,10,37,False
647315,"Pop, Zach",Pitcher,PHI,2026-04-12,31,130,True
656756,"Montgomery, Jordan",Pitcher,TEX,2026-09-23,90,368,True
657376,"Schmidt, Clarke",Pitcher,NYY,2026-09-16,4,24,False
663465,"Allard, Kolby",Pitcher,CLE,2026-04-12,45,177,True
663795,"Hagenman, Justin",Pitcher,NYM,2026-09-05,16,62,False
664062,"Gonsolin, Tony",Pitcher,KC,2026-09-22,15,63,False
664074,"Ponce, Cody",Pitcher,TOR,2026-03-30,10,47,False
664353,"Urquidy, José",Pitcher,PHI,2026-09-18,149,557,True
664731,"Higgins, P.J.",Pitcher,CIN,2026-04-10,3,10,False
667652,"Ralston, Jack",Pitcher,MIA,2026-09-22,61,254,True
669203,"Burnes, Corbin",Pitcher,AZ,2026-09-20,47,198,True
670103,"Burgos, Raymond",Pitcher,BOS,2026-09-16,68,231,True
670912,"Oviedo, Johan",Pitcher,BOS,2026-03-30,19,72,False
671131,"Rutledge, Jackson",Pitcher,WSH,2026-04-13,12,44,False
671212,"Boyle, Joe",Pitcher,TB,2026-08-16,81,347,True
672841,"Vargas, Carlos",Pitcher,SEA,2026-09-23,74,265,True
673380,"Núñez, Dedniel",Pitcher,NYM,2026-09-22,69,201,True
674003,"Bradford, Cody",Pitcher,TEX,2026-09-23,186,696,True
674073,"Weisenburger, Jack",Pitcher,NYM,2026-09-20,46,185,True
676130,"Buttó, José",Pitcher,SF,2026-04-01,16,63,False
676272,"Miller, Bobby",Pitcher,LAD,2026-09-16,23,100,True
676454,"Cellucci, Brendan",Pitcher,TOR,2026-09-23,22,87,False
676508,"Casparius, Ben",Pitcher,LAD,2026-04-12,23,99,True
676596,"Fleming, Josh",Pitcher,TOR,2026-04-06,18,77,False
676620,"Weiman, Blake",Pitcher,LAA,2026-09-23,72,268,True
678061,"Kerr, Ray",Pitcher,ATL,2026-09-20,55,180,True
678368,"Bellozo, Valente",Pitcher,COL,2026-04-12,48,170,True
679885,"Martinez, Justin",Pitcher,AZ,2026-09-23,47,194,True
680686,"Gray, Josiah",Pitcher,WSH,2026-09-21,11,40,False
680880,"Holman, Grant",Pitcher,PHI,2026-09-12,7,34,False
680899,"Tolman, Erik",Pitcher,WSH,2026-09-23,61,267,True
681320,"Lavender, Nate",Pitcher,NYM,2026-09-22,73,267,True
681343,"Smith, Shane",Pitcher,CWS,2026-04-07,49,225,True
681544,"Olds, Wyatt",Pitcher,BOS,2026-09-18,64,266,True
681973,"Hendrickson, Josh",Pitcher,HOU,2026-09-23,8,31,False
682274,"Hiraldo, Yaramil",Pitcher,BAL,2026-09-13,48,193,True
682610,"Muñoz, Roddery",Pitcher,HOU,2026-04-03,25,112,True
683363,"Wilkinson, Matt",Pitcher,SF,2026-09-20,99,382,True
684516,"Rincon, Hancel",Pitcher,STL,2026-09-05,11,43,False
684665,"Murphy, Luke",Pitcher,LAA,2026-09-23,83,351,True
685464,"Winquest, Cade",Pitcher,STL,2026-09-22,48,204,True
686563,"Cannon, Jonathan",Pitcher,CWS,2026-08-26,18,80,False
686610,"Waldichuk, Ken",Pitcher,WSH,2026-04-12,40,149,True
686730,"Spiers, Carson",Pitcher,CIN,2026-09-20,17,62,False
686796,"Walston, Blake",Pitcher,AZ,2026-09-08,11,42,False
687134,"Blalock, Bradley",Pitcher,MIA,2026-09-20,35,146,True
687273,"Mathews, Quinn",Pitcher,STL,2026-09-20,191,786,True
687309,"Hjerpe, Cooper",Pitcher,STL,2026-09-18,39,180,False
687792,"Herz, DJ",Pitcher,WSH,2026-09-21,19,63,False
687924,"Aguiar, Julian",Pitcher,CIN,2026-09-18,14,54,False
688497,"Rashi, Taylor",Pitcher,ATH,2026-08-20,26,88,True
688692,"Simpson, Jared",Pitcher,WSH,2026-09-16,20,93,False
689981,"Ryan, River",Pitcher,DET,2026-09-21,12,43,False
690279,"Adams, Mason",Pitcher,COL,2026-09-23,124,468,True
690440,"Hanner, Bradley",Pitcher,NYY,2026-09-12,26,98,True
690829,"Joyce, Ben",Pitcher,LAA,2026-09-19,61,259,True
690990,"Horton, Cade",Pitcher,CHC,2026-04-03,25,92,True
691384,"Perales, Luis",Pitcher,WSH,2026-09-21,60,250,True
691548,"Muñoz, Rolddy",Pitcher,ATL,2026-04-13,12,49,False
691945,"Baumler, Carter",Pitcher,TEX,2026-04-04,27,117,True
691946,"Klassen, George",Pitcher,LAA,2026-08-24,124,491,True
692064,"Rodríguez, José",Pitcher,TOR,2026-09-23,16,68,False
693308,"Frasso, Nick",Pitcher,COL,2026-09-22,92,364,True
694357,"Tiedemann, Ricky",Pitcher,TOR,2026-09-13,29,123,True
694494,"Johnson, Ty",Pitcher,TB,2026-09-22,28,123,False
694820,"Roxby, Braxton",Pitcher,SF,2026-09-23,18,76,False
695378,"Sinclair, Jack",Pitcher,WSH,2026-09-23,38,133,False
695549,"Jobe, Jackson",Pitcher,DET,2026-09-19,172,685,True
696146,"Smith, Hagen",Pitcher,CWS,2026-09-23,106,451,True
699151,"Paez, Jedixson",Pitcher,BOS,2026-09-01,39,152,True
700413,"Uberstine, Tyler",Pitcher,BOS,2026-04-05,11,45,False
701474,"Davitt, Duncan",Pitcher,SF,2026-09-22,25,88,True
702047,"Cook, Alex",Pitcher,TB,2026-09-18,24,98,True
702885,"Perdomo, Cesar",Pitcher,SF,2026-09-23,105,375,False
800600,"Kent, Jackson",Pitcher,WSH,2026-09-22,170,677,True
801725,"De León, Luis",Pitcher,BAL,2026-09-23,36,126,False
804926,"Peterson, Austin",Pitcher,CLE,2026-09-05,8,31,False
805074,"Marte, Yunior",Pitcher,SF,2026-09-19,83,312,True
805345,"Harris, Trent",Pitcher,SF,2026-09-23,85,339,True
807739,"Anderson, Kade",Pitcher,SEA,2026-09-20,131,482,True
808825,"Sears, Andrew",Pitcher,DET,2026-09-18,82,323,True
811315,"Hopkins, Brody",Pitcher,TB,2026-09-23,16,69,False
814490,"Pecko, Ethan",Pitcher,HOU,2026-09-23,130,538,True
815081,"Manfredi, Mark",Pitcher,COL,2026-09-23,68,270,True
571771,"Hernández, Enrique",Pitcher,LAD,2026-09-01,4,8,False
571912,"Maile, Luke",Pitcher,KC,2026-08-30,3,8,False
592288,"Emanuel, Kent",Pitcher,CIN,2026-08-17,23,96,True
596142,"Sánchez, Gary",Pitcher,MIL,2026-08-18,9,30,False
608344,"Irvin, Cole",Pitcher,LAD,2026-07-31,30,102,True
640902,"Pereda, Jhonny",Pitcher,SEA,2026-08-23,4,16,False
641386,"Bowden, Ben",Pitcher,ATH,2026-08-02,8,40,False
643361,"Herget, Kevin",Pitcher,NYM,2026-08-01,3,11,False
645302,"Robles, Victor",Pitcher,SEA,2026-08-06,9,26,False
646242,"Díaz, Jhonathan",Pitcher,SEA,2026-08-20,6,25,False
655316,"Monasterio, Andruw",Pitcher,BOS,2026-08-30,8,28,False
655889,"Rodríguez, Manuel",Pitcher,TB,2026-09-02,23,96,True
656786,"Mushinski, Parker",Pitcher,COL,2026-08-18,34,139,True
660844,"Rivas, Leo",Pitcher,SEA,2026-08-18,13,31,False
661527,"Martinez, Seth",Pitcher,BOS,2026-08-11,6,22,False
663432,"Rainey, Tanner",Pitcher,DET,2026-08-30,32,127,True
663884,"Kingham, Nolan",Pitcher,TEX,2026-08-03,6,22,False
664774,"Wade Jr., LaMonte",Pitcher,HOU,2026-08-20,6,11,False
668716,"Murdock, Noah",Pitcher,PIT,2026-08-26,15,64,False
668942,"Rojas, Josh",Pitcher,KC,2026-08-09,4,13,False
670032,"Lopez, Nicky",Pitcher,TEX,2026-07-31,7,24,False
672578,"Hernández, Carlos",Pitcher,CLE,2026-09-03,14,51,False
675920,"Lonsway, Seth",Pitcher,SF,2026-08-29,11,33,False
677588,"Tena, José",Pitcher,WSH,2026-09-02,5,11,False
679922,"Duran, Carlos",Pitcher,KC,2026-08-20,9,35,False
681520,"Kelly, Antoine",Pitcher,CHC,2026-07-31,4,18,False
686628,"Burkhalter, Blake",Pitcher,ATL,2026-09-01,5,23,False
686780,"Pagés, Pedro",Pitcher,STL,2026-08-25,7,16,False
687060,"Adams, Blake",Pitcher,COL,2026-08-24,9,37,False
687287,"Monteverde, Patrick",Pitcher,MIA,2026-08-28,18,65,False
687859,"Johnston, Troy",Pitcher,COL,2026-08-24,9,35,False
697811,"Ross, Dylan",Pitcher,NYM,2026-09-01,3,11,False
701780,"McDougal, Tanner",Pitcher,CWS,2026-08-13,5,25,False
804668,"Flores Jr., Rafael",Pitcher,PIT,2026-08-09,5,8,False
