pitcher,pitcher_name,current_team,throws,overall_avg_release_angle,overall_release_angle_std,overall_release_bucket,FF_avg_release_angle,SI_avg_release_angle,SL_avg_release_angle,CH_avg_release_angle,ST_avg_release_angle,FC_avg_release_angle,CU_avg_release_angle,FS_avg_release_angle,KC_avg_release_angle,notable_angle_variation
805345,Trent Harris,SF,R,70.5,4.7,Over-The-Top (65°+),,67.7,,,66.5,72.9,75.8,,,False
660604,Alan Rangel,PHI,R,69.9,3.4,Over-The-Top (65°+),68.6,,70.3,71.3,,,68.8,,,False
669093,Jeremiah Estrada,SD,R,69.7,4.0,Over-The-Top (65°+),71.7,,66.7,,,,,67.1,,False
681911,Alex Vesia,LAD,L,69.6,4.5,Over-The-Top (65°+),69.0,,73.9,62.5,,,,,,False
621097,Jacob Waguespack,DET,R,68.1,2.6,Over-The-Top (65°+),70.4,,,67.3,,65.6,68.1,,,False
702021,Will Dion,WSH,L,66.7,4.5,Over-The-Top (65°+),68.0,58.6,,65.8,,61.2,69.2,,,False
702056,Trey Yesavage,TOR,R,65.8,2.8,Over-The-Top (65°+),65.8,,65.4,,,,,66.0,,False
684049,Brandan Bidois,PIT,R,64.7,3.7,High Three-Quarter (45-65°),63.2,,67.3,,,,,,,False
681252,Jack Anderson,MIN,R,64.3,5.3,High Three-Quarter (45-65°),65.5,,62.7,,55.9,,,69.0,,True
668964,Tobias Myers,NYM,R,63.7,2.4,High Three-Quarter (45-65°),63.7,,65.0,,,62.4,,63.7,,False
667652,Jack Ralston,MIA,R,62.8,3.5,High Three-Quarter (45-65°),67.1,,62.3,,,,,60.9,,False
682274,Yaramil Hiraldo,BAL,R,61.3,3.0,High Three-Quarter (45-65°),60.6,,62.3,,,,,61.6,,False
664854,Ryan Helsley,BAL,R,60.8,3.6,High Three-Quarter (45-65°),62.0,,60.7,,,,,57.1,,False
687941,Alec Gamboa,BOS,L,60.6,5.4,High Three-Quarter (45-65°),65.2,55.0,58.2,,,,,,,True
445276,Kenley Jansen,DET,R,60.4,6.9,High Three-Quarter (45-65°),,66.3,62.4,,,59.7,,,,True
681676,Ryan Fernandez,STL,R,59.8,3.2,High Three-Quarter (45-65°),61.8,,58.8,56.2,,60.9,,,,False
702193,Andrew Morris,MIN,R,59.4,4.0,High Three-Quarter (45-65°),59.7,56.5,,53.2,60.5,62.3,69.8,,,False
687134,Bradley Blalock,MIA,R,59.1,6.0,High Three-Quarter (45-65°),63.5,,59.6,,52.9,,66.0,51.9,,True
676263,Jack Dreyer,LAD,L,58.5,2.8,High Three-Quarter (45-65°),59.6,,56.2,,,,60.7,,,False
691799,Grant Taylor,CWS,R,58.2,3.9,High Three-Quarter (45-65°),59.1,54.4,53.1,,,,61.6,,,False
621237,José Alvarado,PHI,L,58.0,4.4,High Three-Quarter (45-65°),54.4,56.1,,,,61.5,63.5,,,False
656986,Bennett Sousa,HOU,L,57.9,3.4,High Three-Quarter (45-65°),53.9,54.3,59.7,,,,,,,False
605483,Blake Snell,LAD,L,57.3,3.2,High Three-Quarter (45-65°),56.6,,58.0,53.9,,,61.3,,,False
680730,Mitchell Parker,WSH,L,56.8,8.9,High Three-Quarter (45-65°),66.9,,48.7,,,,60.6,,,True
689017,Landon Knack,LAD,R,56.6,2.6,High Three-Quarter (45-65°),57.9,,54.5,55.3,,,,,57.4,False
601713,Nick Pivetta,SD,R,56.6,4.1,High Three-Quarter (45-65°),57.6,,,,53.5,54.5,57.3,,,False
669467,Andre Pallante,STL,R,56.3,3.4,High Three-Quarter (45-65°),56.7,56.3,54.4,,,,,49.9,59.6,False
663687,Hogan Harris,ATH,L,55.9,4.4,High Three-Quarter (45-65°),56.5,,53.4,44.9,,55.7,56.9,,,False
671737,Taj Bradley,MIN,R,55.8,3.1,High Three-Quarter (45-65°),56.1,,,,,55.1,58.6,54.3,,False
607192,Tyler Glasnow,LAD,R,55.8,4.0,High Three-Quarter (45-65°),56.0,55.2,52.0,,,,59.8,,58.7,False
675540,Xzavion Curry,NYM,R,55.8,2.8,High Three-Quarter (45-65°),57.9,53.1,54.8,,,,57.3,53.1,,False
543056,Danny Coulombe,BOS,L,55.7,3.4,High Three-Quarter (45-65°),54.7,56.5,,,57.8,53.5,,,60.8,False
676661,Max Lazar,PHI,R,55.5,2.9,High Three-Quarter (45-65°),55.5,,,,,56.7,,53.4,56.9,False
682254,Mason Montgomery,PIT,L,55.5,4.2,High Three-Quarter (45-65°),57.0,51.4,55.6,54.1,,,57.2,,,False
641329,Bryan Baker,TB,R,55.3,2.7,High Three-Quarter (45-65°),55.9,,57.6,54.3,,,,,,False
686930,Mason Barnett,ATH,R,55.1,4.5,High Three-Quarter (45-65°),53.1,,60.1,49.9,53.0,,62.9,,,False
664126,Pete Fairbanks,MIA,R,54.9,5.1,High Three-Quarter (45-65°),51.7,,61.1,,,55.5,,,,True
814305,Yunior Tur,ATH,R,54.9,2.5,High Three-Quarter (45-65°),55.8,,,,,55.3,,53.5,,False
608337,Lucas Giolito,SD,R,54.8,2.1,High Three-Quarter (45-65°),56.2,,52.0,54.5,,,55.2,,,False
668933,Graham Ashcraft,CIN,R,54.8,2.6,High Three-Quarter (45-65°),,,53.7,,,55.7,,,,False
573204,Caleb Thielbar,CHC,L,54.7,3.3,High Three-Quarter (45-65°),54.3,,54.3,,50.0,,58.3,,,False
669194,Ryne Nelson,AZ,R,54.7,2.9,High Three-Quarter (45-65°),55.7,52.3,52.8,,,52.6,55.6,,,False
676440,Tanner Bibee,CLE,R,54.7,6.8,High Three-Quarter (45-65°),59.3,48.4,,59.1,47.8,52.3,59.2,,,True
683232,Nick Mears,KC,R,54.6,2.7,High Three-Quarter (45-65°),55.8,53.0,54.5,52.5,,,54.4,,,False
607259,Nick Martínez,TB,R,54.5,4.3,High Three-Quarter (45-65°),53.2,52.1,54.8,58.5,,52.6,61.7,,,False
685801,Hunter Bigge,TB,R,54.5,3.3,High Three-Quarter (45-65°),56.0,,52.7,,,,,50.9,,False
675916,James Karinchak,ATL,R,54.4,4.5,High Three-Quarter (45-65°),54.9,,,,,,53.8,,,False
663559,Bailey Falter,ATL,L,54.4,2.8,High Three-Quarter (45-65°),54.6,,53.3,,,,55.8,55.5,,False
804636,Jonah Tong,NYM,R,54.3,3.9,High Three-Quarter (45-65°),56.4,,,52.8,,51.9,54.6,,,False
673513,Yuki Matsui,SD,L,54.2,2.8,High Three-Quarter (45-65°),54.4,54.0,54.1,,53.5,,,54.3,,False
656730,Trevor Megill,MIL,R,54.2,2.1,High Three-Quarter (45-65°),54.3,,,,,,,,54.1,False
543238,Anthony Gose,KC,L,54.1,3.0,High Three-Quarter (45-65°),52.2,,57.2,,,,,,,False
689149,Chad Dallas,TOR,R,54.1,4.0,High Three-Quarter (45-65°),,,,,50.5,54.3,57.6,,,False
673929,Jordan Leasure,CWS,R,53.8,2.7,High Three-Quarter (45-65°),53.7,,53.9,,,,,,,False
696136,Jordan Wicks,CHC,L,53.7,4.1,High Three-Quarter (45-65°),53.6,47.9,58.0,51.9,,,,,,False
676879,Aaron Ashby,MIL,L,53.6,3.9,High Three-Quarter (45-65°),54.9,54.1,50.6,51.4,,,54.9,,,False
656302,Dylan Cease,TOR,R,53.5,4.2,High Three-Quarter (45-65°),53.1,54.9,50.6,60.4,47.4,,,,56.4,False
681751,Lazaro Estrada,TOR,R,53.3,3.0,High Three-Quarter (45-65°),53.7,,52.3,,,51.0,54.8,,,False
695505,Chase Burns,CIN,R,53.2,3.2,High Three-Quarter (45-65°),54.4,,52.1,48.5,,,,,,False
608379,Michael Wacha,KC,R,53.0,3.6,High Three-Quarter (45-65°),54.4,51.6,52.0,55.5,,48.6,52.6,,,False
547973,Aroldis Chapman,BOS,L,52.9,3.7,High Three-Quarter (45-65°),52.4,51.9,55.5,,,,,53.2,,False
702070,Noah Cameron,KC,L,52.9,5.2,High Three-Quarter (45-65°),52.0,48.3,53.6,48.4,,54.1,58.7,,,True
807739,Kade Anderson,SEA,L,52.9,3.7,High Three-Quarter (45-65°),51.8,,51.7,53.0,,,57.4,,,False
694462,Hurston Waldrep,ATL,R,52.9,2.9,High Three-Quarter (45-65°),,53.3,52.6,,,52.1,53.5,53.0,,False
680694,Kyle Bradish,BAL,R,52.9,3.8,High Three-Quarter (45-65°),54.8,51.7,50.2,,,,56.6,,,False
686613,Hunter Brown,HOU,R,52.8,5.0,High Three-Quarter (45-65°),55.3,51.2,52.6,45.5,,53.8,,,54.7,False
670950,Trevor Richards,CWS,R,52.7,4.2,High Three-Quarter (45-65°),55.2,,49.3,48.1,,,,,,False
674003,Cody Bradford,TEX,L,52.6,3.6,High Three-Quarter (45-65°),54.8,,51.8,49.0,,,53.4,,,False
669330,Tyler Wells,TB,R,52.5,2.2,High Three-Quarter (45-65°),53.2,,54.3,50.6,,51.8,55.4,,,False
656876,Drew Rasmussen,TB,R,52.4,4.3,High Three-Quarter (45-65°),57.5,49.2,,49.8,47.3,51.5,54.7,,,False
687849,Zak Kent,WSH,R,52.2,2.8,High Three-Quarter (45-65°),52.9,,50.7,,,,54.4,,,False
690925,Clayton Beeter,WSH,R,52.0,2.0,High Three-Quarter (45-65°),50.9,,53.1,,,,,,,False
695049,Brett Kerry,LAA,R,52.0,3.9,High Three-Quarter (45-65°),53.0,,53.9,47.8,,,,,,False
670062,Julian Garcia,CIN,R,52.0,4.1,High Three-Quarter (45-65°),55.5,,53.3,,49.4,,,,,False
605447,Jordan Romano,COL,R,51.9,5.7,High Three-Quarter (45-65°),54.0,,50.6,,,,,,,True
640448,Kyle Finnegan,DET,R,51.7,2.9,High Three-Quarter (45-65°),53.2,,52.1,,,,,49.0,,False
679883,Luinder Avila,KC,R,51.6,3.9,High Three-Quarter (45-65°),53.1,54.4,48.6,46.6,,,51.4,,,False
656641,Jacob Latz,TEX,L,51.6,8.4,High Three-Quarter (45-65°),51.4,,52.1,50.5,,,55.1,,,True
656848,Michael Petersen,MIA,R,51.5,4.7,High Three-Quarter (45-65°),54.5,,47.0,46.3,,,,,,False
666745,Jhony Brito,SD,R,51.4,3.1,High Three-Quarter (45-65°),,51.0,51.3,52.0,51.1,,,,,False
681916,Dylan Smith,SF,R,51.3,3.8,High Three-Quarter (45-65°),52.1,50.3,,,48.8,,59.1,46.8,,False
681402,Gus Varland,WSH,R,51.2,3.3,High Three-Quarter (45-65°),52.0,,50.5,,,,,,,False
665871,Javier Assad,CHC,R,51.2,3.4,High Three-Quarter (45-65°),48.7,52.0,53.8,52.4,49.5,48.5,56.9,,,False
694851,Andrew Hoffmann,AZ,R,51.1,2.9,High Three-Quarter (45-65°),50.0,,53.5,51.5,,,,,,False
689225,Beau Brieske,DET,R,51.1,3.2,High Three-Quarter (45-65°),51.6,52.5,50.7,47.0,,,53.2,,,False
571882,Derek Law,AZ,R,51.1,3.3,High Three-Quarter (45-65°),52.1,,52.9,,,50.4,,,,False
642376,Jefry Yan,NYM,L,50.8,5.6,High Three-Quarter (45-65°),50.6,48.1,55.5,53.6,,,,,,True
676684,Will Vest,DET,R,50.7,2.9,High Three-Quarter (45-65°),52.5,50.7,48.6,49.1,,,,,,False
671096,Andrew Abbott,CIN,L,50.7,3.3,High Three-Quarter (45-65°),51.2,,,47.6,50.4,51.3,53.7,,,False
804267,Zac Thornton,NYM,L,50.5,6.8,High Three-Quarter (45-65°),58.2,43.8,47.8,45.5,49.7,47.1,53.2,,,True
676282,Joey Cantillo,CLE,L,50.4,3.7,High Three-Quarter (45-65°),50.6,,52.6,49.1,,46.4,52.1,,,False
695380,Alex Hoppe,BAL,R,50.4,3.5,High Three-Quarter (45-65°),50.9,46.0,52.8,,,,,,,False
683627,Anthony Molina,SF,R,50.3,4.5,High Three-Quarter (45-65°),52.5,,49.5,43.7,,,53.0,,,False
663776,Patrick Sandoval,BOS,L,50.2,2.9,High Three-Quarter (45-65°),50.8,49.5,51.7,47.7,51.5,,55.7,,,False
702303,Riley Martin,CHC,L,50.2,3.5,High Three-Quarter (45-65°),51.1,,44.8,,,,51.4,,,False
700669,Gordon Graceffo,STL,R,49.9,3.7,High Three-Quarter (45-65°),50.5,50.1,49.9,47.0,,46.2,52.1,,,False
815083,Mitch Farris,LAA,L,49.8,2.9,High Three-Quarter (45-65°),51.1,,49.1,47.9,,49.5,,,,False
669212,Eli Morgan,KC,R,49.6,3.1,High Three-Quarter (45-65°),51.1,,50.1,47.4,,,,,,False
621383,Tanner Banks,PHI,L,49.4,2.7,High Three-Quarter (45-65°),51.2,51.2,49.0,49.5,47.0,,,,,False
669620,Brady Basso,ATH,L,49.3,2.9,High Three-Quarter (45-65°),48.5,48.2,48.6,46.9,,48.9,53.5,,,False
696519,Samy Natera,LAA,L,49.3,3.1,High Three-Quarter (45-65°),49.1,,50.5,,,,,,,False
695239,Robby Ahlstrom,TEX,L,49.3,5.3,High Three-Quarter (45-65°),53.3,46.4,46.2,47.9,,,58.7,,,True
608650,Dietrich Enns,BAL,L,49.2,3.1,High Three-Quarter (45-65°),47.5,,,50.0,51.1,50.0,57.8,,,False
678020,Seth Halvorsen,LAD,R,49.2,5.2,High Three-Quarter (45-65°),49.6,,51.6,,,,,40.6,,True
808963,Roki Sasaki,LAD,R,49.2,2.4,High Three-Quarter (45-65°),47.8,,49.6,,,,,50.2,,False
657424,Matt Gage,SF,L,49.0,3.9,High Three-Quarter (45-65°),53.1,49.1,47.3,44.9,,,,,,False
805074,Yunior Marte,SF,R,48.9,3.5,High Three-Quarter (45-65°),50.8,,46.3,,,,,50.8,,False
641745,Brad Keller,PHI,R,48.9,2.6,High Three-Quarter (45-65°),49.1,47.3,50.6,48.8,48.5,,,,,False
687931,Carson Whisenhunt,SF,L,48.8,4.9,High Three-Quarter (45-65°),52.7,45.6,51.0,44.7,,,,,,False
663567,Peter Lambert,HOU,R,48.7,2.9,High Three-Quarter (45-65°),49.4,44.6,50.2,47.4,49.4,48.2,,,,False
687239,Ben Peoples,TEX,R,48.7,3.0,High Three-Quarter (45-65°),49.3,,48.3,,,,,,,False
680755,Braydon Fisher,TOR,R,48.6,2.7,High Three-Quarter (45-65°),48.8,,47.9,,,47.5,49.5,,,False
671382,Cameron Foster,BAL,R,48.5,1.5,High Three-Quarter (45-65°),48.2,,49.5,,,48.4,,,,False
693821,Bryce Elder,ATL,R,48.3,2.1,High Three-Quarter (45-65°),47.8,47.4,50.2,47.8,,48.4,,,,False
669020,Ryan Rolison,CHC,L,47.8,4.3,High Three-Quarter (45-65°),47.2,42.6,48.0,,48.1,,53.6,,,False
608718,Brent Suter,ATL,L,47.7,3.1,High Three-Quarter (45-65°),50.8,48.0,46.6,44.8,,,,,,False
680573,Simeon Woods Richardson,TOR,R,47.6,4.4,High Three-Quarter (45-65°),48.8,,45.1,,,,52.4,45.8,,False
669854,Ronel Blanco,HOU,R,47.5,3.1,High Three-Quarter (45-65°),48.6,,45.7,46.6,,,49.2,,,False
669373,Tarik Skubal,LAD,L,47.5,4.5,High Three-Quarter (45-65°),51.3,47.6,45.8,41.9,,,51.6,,,False
669276,Dylan Lee,ATL,L,47.5,2.4,High Three-Quarter (45-65°),48.4,,47.9,44.6,,,,,,False
693308,Nick Frasso,COL,R,47.4,5.4,High Three-Quarter (45-65°),51.3,,48.7,40.5,,43.1,,,,True
518585,Fernando Cruz,NYY,R,47.4,4.2,High Three-Quarter (45-65°),44.3,47.3,43.3,,42.2,,,50.5,,False
670329,Rico Garcia,BAL,R,47.3,3.1,High Three-Quarter (45-65°),48.4,,45.7,45.9,,,48.5,,,False
686580,Justin Slaten,BOS,R,47.2,3.6,High Three-Quarter (45-65°),50.2,47.1,,,42.9,46.9,,,,False
669022,Mackenzie Gore,TEX,L,47.2,3.7,High Three-Quarter (45-65°),45.3,47.0,47.3,46.4,,47.4,52.4,,,False
543243,Sonny Gray,BOS,R,47.1,2.8,High Three-Quarter (45-65°),46.2,46.2,,43.8,47.5,46.5,50.8,,,False
596133,Luke Weaver,PIT,R,47.1,2.3,High Three-Quarter (45-65°),47.6,,,45.8,,48.3,,,,False
673540,Kodai Senga,NYM,R,47.1,3.4,High Three-Quarter (45-65°),46.3,45.2,49.6,,48.3,50.0,,,,False
700842,Eduardo Rivera,BOS,L,47.0,3.5,High Three-Quarter (45-65°),47.6,,45.1,48.7,,,,,,False
579328,Yusei Kikuchi,LAA,L,46.9,5.9,High Three-Quarter (45-65°),43.1,,44.2,,,47.2,54.4,55.0,,True
666661,Juan Morillo,AZ,R,46.9,2.9,High Three-Quarter (45-65°),46.6,46.9,50.9,45.4,,,,,,False
680899,Erik Tolman,WSH,L,46.8,2.8,High Three-Quarter (45-65°),47.3,,46.9,45.9,,,,,,False
680723,Drew Rom,ATH,L,46.8,3.2,High Three-Quarter (45-65°),47.7,46.0,,,44.9,,,42.6,,False
674841,Andrew Alvarez,WSH,L,46.7,5.1,High Three-Quarter (45-65°),48.9,39.7,46.7,39.1,,,49.3,,,True
605488,Jeffrey Springs,ATH,L,46.7,3.7,High Three-Quarter (45-65°),47.8,,46.4,46.3,39.9,47.5,,,,False
687473,Ryan Gusto,MIA,R,46.6,4.7,High Three-Quarter (45-65°),49.4,40.8,48.1,43.2,43.0,47.2,53.4,,,False
656756,Jordan Montgomery,TEX,L,46.5,2.3,High Three-Quarter (45-65°),45.6,46.4,45.1,47.1,,,48.7,,,False
663558,Jovani Morán,BOS,L,46.5,3.4,High Three-Quarter (45-65°),48.5,44.9,,44.1,45.6,48.8,,,,False
668873,Caleb Kilian,PHI,R,46.5,2.4,High Three-Quarter (45-65°),47.0,45.1,46.8,,,,,,46.1,False
669461,Matthew Liberatore,STL,L,46.4,2.9,High Three-Quarter (45-65°),48.2,45.6,45.3,41.7,,45.8,48.7,,,False
694341,Brendan Beck,NYY,R,46.4,5.8,High Three-Quarter (45-65°),49.6,,39.5,,,,,,,True
669713,Hayden Wesneski,HOU,R,46.4,3.0,High Three-Quarter (45-65°),47.3,46.1,,44.7,45.8,47.9,,,,False
664353,José Urquidy,PHI,R,46.4,5.4,High Three-Quarter (45-65°),52.1,45.2,,45.3,39.4,,49.0,,,True
643410,Mark Leiter,ATH,R,46.4,3.5,High Three-Quarter (45-65°),48.0,43.7,,,,41.9,49.2,47.5,,False
592773,Ryne Stanek,STL,R,46.4,3.6,High Three-Quarter (45-65°),47.4,40.0,48.2,,,,,44.4,,False
700249,Cade Povich,BAL,L,46.3,3.2,High Three-Quarter (45-65°),46.4,46.3,46.9,43.1,,,47.2,,,False
683004,Jack Leiter,TEX,R,46.3,3.6,High Three-Quarter (45-65°),45.2,45.6,48.0,45.0,,43.9,53.2,,,False
663978,Chris Paddack,TEX,R,46.3,4.5,High Three-Quarter (45-65°),50.2,43.5,,40.7,44.4,47.3,49.7,,,False
621112,Paul Blackburn,NYY,R,46.3,2.9,High Three-Quarter (45-65°),48.0,46.2,,46.2,43.1,46.2,48.0,,,False
676755,Isaac Mattson,PIT,R,46.2,2.5,High Three-Quarter (45-65°),45.7,,47.9,45.6,48.6,,,,,False
682243,Bryce Miller,SEA,R,46.1,4.6,High Three-Quarter (45-65°),49.2,46.0,46.2,,43.9,45.4,,41.6,47.3,False
694753,Khristian Curtis,PIT,R,46.1,4.4,High Three-Quarter (45-65°),46.8,,50.6,39.5,,46.7,,,,False
676083,Janson Junk,MIA,R,46.0,6.6,High Three-Quarter (45-65°),46.6,41.2,49.9,39.1,46.4,,49.8,,,True
667297,Tommy Nance,MIN,R,45.7,4.5,High Three-Quarter (45-65°),,47.2,41.4,,,,50.6,,,False
608331,Max Fried,NYY,L,45.7,5.5,High Three-Quarter (45-65°),52.4,43.9,43.9,40.4,39.5,44.7,51.7,,,True
699044,Miguel Ullola,HOU,R,45.7,3.6,High Three-Quarter (45-65°),47.0,,41.7,,,,,,,False
607074,Carlos Rodón,NYY,L,45.6,3.9,High Three-Quarter (45-65°),48.6,44.7,40.8,44.6,,,52.5,,,False
664141,Jt Brubaker,SF,R,45.6,3.5,High Three-Quarter (45-65°),45.3,44.8,47.4,43.0,,,48.3,,,False
681870,Erik Sabrowski,CLE,L,45.5,3.1,High Three-Quarter (45-65°),44.0,,46.2,,,,50.2,,,False
663423,Trent Thornton,CHC,R,45.4,5.7,High Three-Quarter (45-65°),47.0,48.3,,,36.8,45.0,50.8,,,True
663465,Kolby Allard,CLE,L,45.4,3.6,High Three-Quarter (45-65°),43.9,43.6,,43.7,,47.2,50.2,,,False
699823,Tyler Davis,CWS,R,45.4,3.3,High Three-Quarter (45-65°),46.9,,44.1,,,,,36.6,,False
665152,Dean Kremer,MIN,R,45.3,4.9,High Three-Quarter (45-65°),45.5,35.6,47.6,,,48.9,47.2,46.5,,False
621111,Walker Buehler,SD,R,45.3,4.0,High Three-Quarter (45-65°),45.9,42.6,49.5,41.4,42.3,46.0,,,50.1,False
666201,Alek Manoah,LAA,R,45.2,2.1,High Three-Quarter (45-65°),46.4,45.4,43.0,45.4,,,,,,False
693312,Kyle Nicolas,CIN,R,45.2,2.6,High Three-Quarter (45-65°),45.9,,43.2,,,,46.9,,,False
592791,Jameson Taillon,TOR,R,45.2,3.1,High Three-Quarter (45-65°),43.5,43.9,,46.6,45.1,45.3,48.8,,,False
664192,Joey Lucchesi,LAA,L,45.2,6.0,High Three-Quarter (45-65°),43.1,42.5,,,,,50.9,,,True
656222,Jalen Beeks,TEX,L,45.1,3.2,High Three-Quarter (45-65°),46.8,,,42.7,,46.1,,,,False
675911,Spencer Strider,ATL,R,45.1,2.3,High Three-Quarter (45-65°),46.1,,44.6,41.3,,,45.7,,,False
691384,Luis Perales,WSH,R,45.1,3.3,High Three-Quarter (45-65°),45.9,,45.1,,,44.2,,45.4,,False
690928,Hunter Dobbins,STL,R,44.9,5.6,Three-Quarter (25-45°),48.9,46.6,44.1,,36.4,,48.5,40.6,,True
641755,Tyler Kinley,DET,R,44.8,2.7,Three-Quarter (25-45°),43.6,,44.5,,,,47.3,,,False
686751,Seth Johnson,ATH,R,44.8,3.3,Three-Quarter (25-45°),45.5,42.7,45.1,,40.1,,44.7,,,False
805326,Tyler Schweitzer,CWS,L,44.8,2.8,Three-Quarter (25-45°),45.0,43.2,44.9,42.9,45.5,,48.8,,,False
691725,Andrew Painter,PHI,R,44.7,5.3,Three-Quarter (25-45°),47.4,46.7,44.0,42.6,36.9,,51.8,46.1,,True
656492,Foster Griffin,CLE,L,44.7,3.3,Three-Quarter (25-45°),45.3,42.8,,42.8,41.4,45.9,49.9,44.1,,False
687765,Mitch Spence,KC,R,44.6,4.6,Three-Quarter (25-45°),,41.7,40.3,40.3,,46.1,51.8,,,False
666711,Joel Peguero,SF,R,44.6,3.0,Three-Quarter (25-45°),44.3,44.7,45.1,,,,,,,False
669165,Kyle Hurt,LAD,R,44.5,3.2,Three-Quarter (25-45°),45.4,,45.7,42.7,,,,,,False
676272,Bobby Miller,LAD,R,44.5,4.5,Three-Quarter (25-45°),41.8,39.9,,,,,48.9,,,False
650644,Aaron Civale,CHC,R,44.4,4.9,Three-Quarter (25-45°),43.0,39.2,44.6,,,44.4,49.5,39.4,,False
820862,José Fermin,LAA,R,44.1,3.3,Three-Quarter (25-45°),44.4,43.7,44.4,43.0,,,,,,False
663372,Ryan Feltner,COL,R,44.0,3.4,Three-Quarter (25-45°),42.1,41.8,44.2,46.4,45.3,,48.0,,,False
805123,Aj Blubaugh,HOU,R,43.9,4.2,Three-Quarter (25-45°),45.1,,,41.0,43.1,46.6,,,,False
687312,Gabriel Hughes,COL,R,43.9,6.0,Three-Quarter (25-45°),42.5,39.7,47.9,37.0,47.2,,54.5,,,True
656240,Scott Blewett,ATH,R,43.9,3.5,Three-Quarter (25-45°),46.0,44.3,46.0,,,40.8,,42.8,,False
571945,Miles Mikolas,WSH,R,43.9,4.5,Three-Quarter (25-45°),43.1,40.7,45.1,39.1,47.3,,49.8,,,False
592662,Robbie Ray,SD,L,43.9,3.0,Three-Quarter (25-45°),45.9,41.9,42.7,43.5,,,,,43.9,False
670183,Garrett Acton,MIN,R,43.9,1.8,Three-Quarter (25-45°),44.1,,43.8,,,,,,,False
615698,Cal Quantrill,TEX,R,43.8,4.5,Three-Quarter (25-45°),46.6,40.6,43.1,,,42.7,48.9,44.7,,False
671936,Adam Macko,TEX,L,43.8,3.5,Three-Quarter (25-45°),45.4,,42.7,42.4,,,,,43.9,False
527048,Martín Pérez,ATL,L,43.8,4.1,Three-Quarter (25-45°),48.3,44.3,,41.9,,43.4,48.6,,,False
593958,Eduardo Rodríguez,AZ,L,43.8,3.1,Three-Quarter (25-45°),42.8,46.5,,43.4,,42.7,47.5,,,False
663554,Casey Mize,SD,R,43.8,3.1,Three-Quarter (25-45°),46.6,44.3,41.2,,,,,42.9,,False
681320,Nate Lavender,NYM,L,43.7,3.3,Three-Quarter (25-45°),43.9,,43.6,45.5,40.3,,,,,False
641312,Shaun Anderson,LAA,R,43.7,4.2,Three-Quarter (25-45°),45.9,50.2,40.9,42.6,43.0,,,,,False
664199,Taylor Clarke,AZ,R,43.7,4.5,Three-Quarter (25-45°),,44.7,46.4,38.8,,45.6,,,,False
680767,Victor Vodnik,MIA,R,43.6,6.3,Three-Quarter (25-45°),45.8,47.8,42.8,37.8,,45.7,,,,True
668678,Zac Gallen,AZ,R,43.6,4.8,Three-Quarter (25-45°),45.6,46.1,45.0,37.0,,,,,43.4,False
663878,Nate Pearson,KC,R,43.6,2.8,Three-Quarter (25-45°),43.9,42.6,42.7,44.6,,,45.5,,,False
592836,Taijuan Walker,PHI,R,43.6,2.3,Three-Quarter (25-45°),43.2,43.6,44.6,,,42.5,45.8,42.7,,False
685299,Tanner Gordon,COL,R,43.6,2.6,Three-Quarter (25-45°),44.7,45.2,40.8,44.4,,40.6,44.0,,,False
695611,Gage Jump,ATH,L,43.5,3.2,Three-Quarter (25-45°),42.7,39.9,44.8,40.1,43.4,,48.6,,,False
669084,Dl Hall,MIL,L,43.5,4.0,Three-Quarter (25-45°),42.7,41.7,44.6,42.7,42.3,,48.9,,,False
691946,George Klassen,LAA,R,43.5,3.6,Three-Quarter (25-45°),43.1,42.7,45.3,42.1,,,40.5,,,False
472610,Luis García,MIN,R,43.5,3.8,Three-Quarter (25-45°),,43.8,,,38.5,,,46.7,,False
699134,Bradgley Rodriguez,SD,R,43.5,3.8,Three-Quarter (25-45°),45.3,42.5,42.1,43.3,,,,,,False
646241,Enmanuel De Jesus,DET,L,43.5,3.6,Three-Quarter (25-45°),45.6,42.3,47.6,42.8,,38.3,,,,False
690978,Dax Fulton,MIA,L,43.4,3.3,Three-Quarter (25-45°),45.6,41.5,42.3,40.0,43.5,,,,,False
694397,Marco Raya,MIN,R,43.3,4.6,Three-Quarter (25-45°),44.9,,,39.6,40.2,,,,,False
701552,Andre Granillo,WSH,R,43.3,4.3,Three-Quarter (25-45°),49.6,42.4,41.2,,,,,,,False
696070,Kendry Rojas,MIN,L,43.3,5.3,Three-Quarter (25-45°),42.3,38.0,45.3,47.3,,,,,,True
696062,Wilber Dotel,PIT,R,43.2,3.9,Three-Quarter (25-45°),42.2,,47.3,37.9,,43.0,,,,False
656271,Brock Burke,CIN,L,43.2,4.0,Three-Quarter (25-45°),45.1,43.2,44.2,37.4,,,,,,False
683000,Riley Cornelio,WSH,R,43.1,3.0,Three-Quarter (25-45°),43.0,,42.8,,,44.2,,,,False
669060,Bryse Wilson,MIL,R,43.1,3.0,Three-Quarter (25-45°),46.4,43.1,,39.0,,42.9,41.0,,,False
696149,Bubba Chandler,PIT,R,43.1,5.9,Three-Quarter (25-45°),46.0,38.6,42.1,36.9,44.9,,43.8,,,True
663158,Robert Suarez,ATL,R,43.0,3.0,Three-Quarter (25-45°),43.7,45.5,,41.4,,43.1,,,,False
672021,Eric Cerantola,KC,R,43.0,1.8,Three-Quarter (25-45°),43.8,,43.0,,,41.5,,,,False
700270,Yilber Díaz,DET,R,42.9,5.0,Three-Quarter (25-45°),46.8,,38.9,,,,,,,False
643377,Griffin Jax,TB,R,42.9,3.5,Three-Quarter (25-45°),42.7,42.1,,44.9,40.1,41.7,48.8,,,False
641835,Tim Mayza,PHI,L,42.9,2.6,Three-Quarter (25-45°),40.1,43.2,43.0,,,,,44.7,,False
660825,Eduard Bazardo,SEA,R,42.9,2.7,Three-Quarter (25-45°),41.2,42.3,,,44.0,,,42.5,,False
676477,Garrett Whitlock,BOS,R,42.9,3.5,Three-Quarter (25-45°),,43.5,44.5,38.4,,,,,,False
702566,Owen Murphy,ATL,R,42.8,4.0,Three-Quarter (25-45°),43.9,,44.2,36.9,,,45.2,,,False
694361,Will Klein,LAD,R,42.8,6.0,Three-Quarter (25-45°),44.8,,37.8,,36.2,,49.6,,,True
681517,Kyle Leahy,STL,R,42.8,3.7,Three-Quarter (25-45°),43.9,44.0,41.1,39.2,41.4,,46.3,,,False
656686,Corbin Martin,CHC,R,42.8,3.1,Three-Quarter (25-45°),42.6,,,,,,46.2,,,False
689818,David Sandlin,CWS,R,42.7,3.7,Three-Quarter (25-45°),42.6,42.6,,39.4,38.4,41.4,46.9,,,False
668674,Lucas Erceg,KC,R,42.7,2.6,Three-Quarter (25-45°),43.5,43.0,42.6,40.6,,,,,,False
664285,Framber Valdez,DET,L,42.7,3.2,Three-Quarter (25-45°),45.2,43.1,39.5,42.5,,,42.4,,,False
694646,Chayce Mcdermott,NYM,R,42.6,2.3,Three-Quarter (25-45°),43.6,,42.8,,,41.4,,,,False
689266,Dylan Dodd,ATL,L,42.6,2.3,Three-Quarter (25-45°),,43.2,40.4,,,41.9,,,,False
691008,Max Rajcic,STL,R,42.6,3.5,Three-Quarter (25-45°),42.3,,,40.1,37.5,,46.8,,,False
656464,Kevin Ginkel,AZ,R,42.6,2.8,Three-Quarter (25-45°),41.7,42.3,43.6,,,,,,,False
679358,Eric Orze,MIN,R,42.5,2.9,Three-Quarter (25-45°),41.7,,44.3,,,,38.5,43.2,,False
544150,Albert Suárez,BAL,R,42.5,5.5,Three-Quarter (25-45°),46.3,,,34.0,,39.3,43.0,,,True
700712,Walbert Ureña,LAA,R,42.5,4.2,Three-Quarter (25-45°),43.0,41.3,,42.7,44.0,,,,,False
680744,Ty Madden,DET,R,42.4,4.3,Three-Quarter (25-45°),44.3,44.2,43.2,,,39.6,,39.4,,False
664129,Geoff Hartlieb,ATH,R,42.4,2.6,Three-Quarter (25-45°),41.5,39.2,43.9,,,43.7,,,,False
672456,Keider Montero,DET,R,42.4,3.3,Three-Quarter (25-45°),42.8,39.7,42.1,41.3,,,,,47.5,False
669302,Logan Gilbert,SEA,R,42.4,4.0,Three-Quarter (25-45°),42.8,,44.7,37.2,41.6,44.9,43.7,38.8,,False
642121,Cole Sulser,TB,R,42.4,3.2,Three-Quarter (25-45°),44.6,,,41.7,37.4,38.7,,,,False
455119,Chris Martin,TEX,R,42.4,3.3,Three-Quarter (25-45°),44.4,39.3,,,,42.4,,41.3,,False
685464,Cade Winquest,STL,R,42.4,5.3,Three-Quarter (25-45°),47.5,,,,,37.6,42.0,,,True
605540,Brandon Woodruff,MIL,R,42.4,2.8,Three-Quarter (25-45°),43.7,42.1,,39.8,,42.7,43.3,,,False
663432,Tanner Rainey,DET,R,42.3,2.2,Three-Quarter (25-45°),42.2,,41.3,,,,,,,False
693645,Cam Schlittler,NYY,R,42.3,3.9,Three-Quarter (25-45°),41.9,41.2,45.9,,,41.9,47.3,,,False
682982,Daniel Espino,CLE,R,42.2,3.7,Three-Quarter (25-45°),41.3,,42.4,,,,48.8,,,False
594027,Tyron Guerrero,BOS,R,42.2,2.3,Three-Quarter (25-45°),,42.1,43.2,,,,,,,False
500779,Jose Quintana,COL,L,42.1,2.6,Three-Quarter (25-45°),43.1,41.8,,40.9,,,43.3,,,False
666142,Cole Ragans,KC,L,42.1,2.0,Three-Quarter (25-45°),42.7,,40.3,41.3,,39.5,,,43.9,False
650556,Bryan Abreu,HOU,R,42.1,4.7,Three-Quarter (25-45°),41.3,,44.2,,,36.2,,,,False
687064,Brandon Young,BAL,R,42.0,3.1,Three-Quarter (25-45°),42.7,39.1,43.1,,,,45.1,39.9,,False
701519,Travis Adams,MIN,R,42.0,4.4,Three-Quarter (25-45°),42.7,40.6,43.9,37.8,,44.5,,,,False
687377,Orlando Ribalta,WSH,R,42.0,3.6,Three-Quarter (25-45°),40.9,42.4,43.5,39.9,,,,,,False
684665,Luke Murphy,LAA,R,41.9,3.4,Three-Quarter (25-45°),42.8,,43.5,37.5,,40.6,,,,False
676974,Max Meyer,MIA,R,41.9,4.2,Three-Quarter (25-45°),43.6,40.2,44.5,37.9,40.1,,,,,False
593974,Wandy Peralta,SD,L,41.9,4.5,Three-Quarter (25-45°),45.5,44.9,41.5,37.3,,,,,,False
669438,Mason Englert,TB,R,41.9,2.2,Three-Quarter (25-45°),41.4,40.4,42.8,41.6,,41.8,44.1,,,False
806960,Luis Morales,ATH,R,41.8,3.4,Three-Quarter (25-45°),41.7,41.3,41.7,42.2,42.9,,,,,False
623454,Drew Anderson,DET,R,41.8,3.4,Three-Quarter (25-45°),41.5,41.0,40.2,40.8,,,44.3,,,False
800048,Parker Messick,CLE,L,41.7,3.4,Three-Quarter (25-45°),42.7,41.3,44.5,38.0,,43.0,45.1,,,False
669372,J. T. Ginn,ATH,R,41.7,3.8,Three-Quarter (25-45°),43.1,43.9,39.3,41.6,,38.3,,,,False
642528,Jonathan Loáisiga,AZ,R,41.7,3.6,Three-Quarter (25-45°),38.9,40.4,,43.2,,41.4,45.4,,,False
572955,Pierce Johnson,CIN,R,41.6,3.3,Three-Quarter (25-45°),39.9,,,,,,42.5,,,False
621345,A. J. Minter,MIN,L,41.6,2.8,Three-Quarter (25-45°),41.9,41.9,,38.8,,42.1,,,,False
656786,Parker Mushinski,COL,L,41.6,3.2,Three-Quarter (25-45°),40.1,38.3,,,43.0,43.6,43.0,,,False
691945,Carter Baumler,TEX,R,41.5,3.3,Three-Quarter (25-45°),41.8,,,,,,42.6,,,False
680742,Jonathan Bowlan,PHI,R,41.5,2.1,Three-Quarter (25-45°),42.0,41.6,42.1,40.1,39.3,,,,,False
691951,Sam Aldegheri,LAA,L,41.4,3.7,Three-Quarter (25-45°),43.6,,40.8,37.4,,41.4,44.2,,,False
676534,Calvin Faucher,MIA,R,41.4,6.6,Three-Quarter (25-45°),36.9,39.2,,,38.4,43.8,47.4,,,True
672282,Reid Detmers,LAA,L,41.3,4.9,Three-Quarter (25-45°),39.6,36.9,40.9,43.3,,,48.5,,,False
676568,Ricky Vanasco,DET,R,41.3,3.1,Three-Quarter (25-45°),42.8,,,38.3,,,41.4,,,False
641816,Tyler Mahle,ATL,R,41.3,3.8,Three-Quarter (25-45°),42.9,43.4,43.8,,,41.4,,37.8,,False
624133,Ranger Suarez,BOS,L,41.2,3.0,Three-Quarter (25-45°),39.4,41.6,40.2,40.5,,40.7,44.6,,,False
670970,Adrián Morejón,SD,L,41.2,3.2,Three-Quarter (25-45°),44.5,40.7,38.5,42.2,,,,,,False
674073,Jack Weisenburger,NYM,R,41.2,5.4,Three-Quarter (25-45°),46.5,35.8,,,39.1,41.3,,,,True
660761,José Suarez,ATH,L,41.2,2.7,Three-Quarter (25-45°),40.2,40.8,41.6,42.4,41.2,,,,,False
693855,Ian Seymour,TB,L,41.1,4.7,Three-Quarter (25-45°),41.5,41.9,37.4,42.1,39.3,,,,,False
641585,J. P. France,HOU,R,41.1,3.0,Three-Quarter (25-45°),39.4,,,40.5,,39.9,44.6,,,False
552640,Andrew Kittredge,BAL,R,41.1,2.8,Three-Quarter (25-45°),43.7,40.2,41.1,,,,,,,False
680802,Ryan Weiss,HOU,R,41.0,2.7,Three-Quarter (25-45°),40.3,42.5,,39.5,41.3,,46.3,,,False
625643,Reynaldo López,ATL,R,40.9,4.3,Three-Quarter (25-45°),40.6,,38.4,39.2,,,50.1,,,False
656638,Alex Lange,KC,R,40.9,4.4,Three-Quarter (25-45°),40.1,39.9,43.8,38.5,,40.1,,,,False
690155,Matt Pushard,STL,R,40.9,2.7,Three-Quarter (25-45°),40.5,,42.1,,39.3,,43.4,,,False
682227,Brandon Williamson,CIN,L,40.9,4.3,Three-Quarter (25-45°),44.2,41.7,,37.7,38.9,39.9,48.5,,,False
800600,Jackson Kent,WSH,L,40.8,5.7,Three-Quarter (25-45°),40.9,38.2,41.9,33.8,,,51.3,,,True
676962,Ben Brown,CHC,R,40.8,3.7,Three-Quarter (25-45°),39.3,39.9,,38.7,,,,,43.3,False
677020,Josh Walker,BAL,L,40.7,3.1,Three-Quarter (25-45°),43.6,41.3,39.1,38.2,,,,,,False
683003,Jared Jones,PIT,R,40.6,4.1,Three-Quarter (25-45°),40.3,,40.3,39.5,,,44.3,,,False
664991,Grant Wolfram,BAL,L,40.6,2.7,Three-Quarter (25-45°),40.5,40.2,40.8,,39.7,,42.4,,,False
608372,Tomoyuki Sugano,COL,R,40.6,2.8,Three-Quarter (25-45°),39.9,38.9,42.1,,39.5,39.7,44.1,42.0,,False
641941,Emilio Pagán,CIN,R,40.5,2.3,Three-Quarter (25-45°),40.0,,,,,41.3,,41.4,,False
699151,Jedixson Paez,BOS,R,40.4,3.9,Three-Quarter (25-45°),42.0,38.8,,39.3,,42.3,39.2,,,False
808967,Yoshinobu Yamamoto,LAD,R,40.4,4.4,Three-Quarter (25-45°),39.7,38.6,41.1,,,37.7,48.6,39.2,,False
695243,Mason Miller,SD,R,40.4,2.4,Three-Quarter (25-45°),41.7,,39.5,34.3,,,,,,False
668831,Garrett Stallings,MIL,R,40.4,8.2,Three-Quarter (25-45°),,46.7,,31.6,,46.1,,,,True
668820,Max Kranick,WSH,R,40.3,4.6,Three-Quarter (25-45°),41.7,,37.5,,32.5,,44.7,,,False
687396,Brent Headrick,NYY,L,40.3,2.2,Three-Quarter (25-45°),41.0,41.3,40.1,,,,,37.6,,False
677053,Andrew Nardi,MIA,L,40.3,2.6,Three-Quarter (25-45°),41.6,,40.2,36.2,39.7,,,,,False
668881,Hunter Greene,CIN,R,40.2,4.7,Three-Quarter (25-45°),39.8,38.4,39.7,,,,,45.4,,False
542888,Shawn Armstrong,CLE,R,40.2,3.1,Three-Quarter (25-45°),39.1,37.1,,,42.6,41.2,,,,False
669947,Jesse Scholtens,TB,R,40.2,2.5,Three-Quarter (25-45°),41.1,38.1,41.8,,39.8,,,38.7,,False
656849,David Peterson,CHC,L,40.1,3.2,Three-Quarter (25-45°),38.2,40.9,37.4,41.5,,,45.8,,,False
680732,Sean Burke,CWS,R,40.1,3.9,Three-Quarter (25-45°),41.6,38.8,37.8,38.6,,35.7,,,42.4,False
663738,Daniel Lynch,KC,L,40.1,4.4,Three-Quarter (25-45°),42.8,38.8,44.2,35.3,,,,,44.6,False
669199,Lake Bachar,PIT,R,40.0,4.7,Three-Quarter (25-45°),41.2,35.4,40.7,,33.7,,45.2,35.7,,False
684320,Yariel Rodríguez,TOR,R,40.0,4.4,Three-Quarter (25-45°),40.9,38.4,37.6,,,,,43.9,,False
547179,Michael Lorenzen,TOR,R,39.6,4.3,Three-Quarter (25-45°),38.9,38.6,41.0,39.6,39.8,39.8,41.2,,,False
681347,Mike Burrows,HOU,R,39.6,3.4,Three-Quarter (25-45°),39.1,39.6,38.3,39.7,,,41.9,,,False
668390,Cole Winn,TEX,R,39.6,4.5,Three-Quarter (25-45°),41.9,,42.5,,,37.5,,34.4,,False
665622,Luis Medina,ATH,R,39.6,3.5,Three-Quarter (25-45°),39.6,40.7,34.1,41.9,,,41.7,,,False
622608,Antonio Senzatela,MIL,R,39.6,4.7,Three-Quarter (25-45°),40.7,38.3,39.5,36.4,,38.0,46.6,,,False
686753,Drey Jameson,AZ,R,39.5,4.0,Three-Quarter (25-45°),44.6,38.3,38.4,36.1,42.9,,,,,False
663556,Shane Mcclanahan,TB,L,39.5,2.7,Three-Quarter (25-45°),40.5,,36.9,38.5,,,42.2,,,False
670280,David Bednar,NYY,R,39.5,3.4,Three-Quarter (25-45°),40.0,,,,,,37.7,39.9,,False
688883,Peyton Pallette,CLE,R,39.4,3.0,Three-Quarter (25-45°),38.5,,38.4,,,,42.6,,,False
641793,Zack Littell,AZ,R,39.4,3.9,Three-Quarter (25-45°),42.6,36.4,40.7,,39.1,,,36.2,,False
678394,Brayan Bello,BOS,R,39.4,5.0,Three-Quarter (25-45°),41.1,40.6,,35.2,37.5,40.9,46.9,,,False
605280,Clay Holmes,CHC,R,39.3,3.2,Three-Quarter (25-45°),38.0,38.5,,38.4,38.7,42.8,43.0,,,False
686973,Louis Varland,TOR,R,39.3,3.0,Three-Quarter (25-45°),39.3,37.0,39.1,36.8,,,,,40.9,False
669062,Erik Miller,BOS,L,39.3,3.4,Three-Quarter (25-45°),42.3,40.0,39.1,28.5,,,,,,False
608371,Lucas Sims,CWS,R,39.3,4.0,Three-Quarter (25-45°),40.1,,38.5,,38.7,,,,,False
669211,Keegan Akin,BAL,L,39.2,4.0,Three-Quarter (25-45°),41.2,,37.4,37.1,,,,,,False
687570,Connor Prielipp,MIN,L,39.2,3.0,Three-Quarter (25-45°),40.6,38.5,37.5,36.4,,,42.5,,,False
622663,Luis Severino,ATH,R,39.1,3.8,Three-Quarter (25-45°),40.2,40.6,37.8,41.8,35.7,39.8,,,,False
688642,Zach Agnos,COL,R,39.1,4.0,Three-Quarter (25-45°),42.0,35.5,42.9,,38.4,38.5,,34.9,,False
693313,Carson Seymour,SF,R,39.1,2.2,Three-Quarter (25-45°),40.0,39.5,39.2,,,38.2,,,,False
656550,Grant Holmes,ATL,R,39.1,2.6,Three-Quarter (25-45°),39.7,37.0,39.7,36.5,,38.5,40.7,,,False
663893,Brendon Little,TOR,L,39.0,5.0,Three-Quarter (25-45°),40.8,34.5,36.2,,,,,,44.8,False
676775,Keaton Winn,SF,R,39.0,2.9,Three-Quarter (25-45°),40.8,39.3,39.6,,,,,37.8,,False
657571,Caleb Ferguson,STL,L,39.0,2.3,Three-Quarter (25-45°),39.3,38.6,,,,38.2,,,,False
663941,Tristan Beck,SF,R,38.9,3.8,Three-Quarter (25-45°),39.2,,40.0,,37.0,,,,,False
677944,Slade Cecconi,CLE,R,38.8,4.5,Three-Quarter (25-45°),40.2,35.0,38.8,36.4,36.6,36.3,46.9,,,False
694918,Blade Tidwell,SF,R,38.8,3.9,Three-Quarter (25-45°),41.6,36.6,41.9,37.4,36.2,,41.0,,,False
691769,Philip Abner,SF,L,38.8,4.7,Three-Quarter (25-45°),40.6,,30.4,34.6,,,42.4,,,False
694363,Jared Shuster,STL,L,38.7,3.0,Three-Quarter (25-45°),36.4,39.3,41.2,39.8,,37.9,,,,False
686610,Ken Waldichuk,WSH,L,38.7,2.7,Three-Quarter (25-45°),40.5,,,,,38.1,37.8,,,False
669684,Chris Murphy,CWS,L,38.7,3.9,Three-Quarter (25-45°),41.5,38.0,35.4,36.1,32.8,,40.2,,,False
684442,Kohl Drake,AZ,L,38.7,2.1,Three-Quarter (25-45°),38.9,,36.3,37.9,,37.5,41.1,,,False
666129,Braxton Garrett,MIA,L,38.6,3.1,Three-Quarter (25-45°),39.2,37.6,41.3,34.9,39.7,,,,,False
663947,Tyler Holton,DET,L,38.6,3.4,Three-Quarter (25-45°),42.0,38.0,,36.1,34.6,40.1,45.7,,,False
682608,Peyton Gray,TEX,R,38.6,2.5,Three-Quarter (25-45°),39.2,,38.3,38.0,,,,,,False
675512,Troy Melton,DET,R,38.5,3.4,Three-Quarter (25-45°),37.4,37.5,39.4,36.7,,37.7,46.7,37.9,,False
656288,Griffin Canning,SD,R,38.5,3.4,Three-Quarter (25-45°),39.9,37.7,40.8,35.6,38.6,38.9,,,36.6,False
669456,Shane Bieber,TOR,R,38.5,2.7,Three-Quarter (25-45°),39.5,37.4,38.2,35.6,,38.3,,,40.0,False
650960,Daniel Duarte,NYM,R,38.5,3.9,Three-Quarter (25-45°),42.0,34.6,,33.2,37.7,41.1,,,,False
608566,Germán Márquez,SD,R,38.5,4.5,Three-Quarter (25-45°),38.4,37.3,33.6,35.4,,,,,41.6,False
671922,Cade Smith,CLE,R,38.5,2.4,Three-Quarter (25-45°),39.2,,,,37.0,,,37.4,,False
699008,Antwone Kelly,PIT,R,38.3,4.2,Three-Quarter (25-45°),40.9,,36.0,36.8,34.0,,,,,False
606996,Kyle Hart,SD,L,38.3,3.1,Three-Quarter (25-45°),39.7,38.6,39.8,,35.6,,,39.8,,False
571578,Patrick Corbin,TOR,L,38.3,3.1,Three-Quarter (25-45°),39.3,38.0,38.8,40.0,,34.4,46.6,,,False
669270,Joel Kuhnel,SF,R,38.3,3.4,Three-Quarter (25-45°),40.3,39.5,,38.9,,35.5,37.3,,,False
663460,Kris Bubic,LAD,L,38.2,3.2,Three-Quarter (25-45°),39.7,36.3,40.6,37.4,35.5,,,,,False
661395,Jhoan Durán,PHI,R,38.2,3.4,Three-Quarter (25-45°),39.1,,,39.9,32.2,,,38.8,38.3,False
663767,Chase Shugart,PHI,R,38.2,4.2,Three-Quarter (25-45°),44.0,38.4,,36.7,35.8,38.1,,,,False
684007,Shota Imanaga,CHC,L,38.2,3.2,Three-Quarter (25-45°),38.2,36.9,36.9,,36.7,,46.7,38.3,,False
686993,Justin Sterner,ATH,R,38.2,1.9,Three-Quarter (25-45°),37.9,,,,38.7,38.1,,,,False
608344,Cole Irvin,LAD,L,38.1,2.6,Three-Quarter (25-45°),40.0,40.6,,36.1,,36.0,,,,False
695549,Jackson Jobe,DET,R,38.1,3.4,Three-Quarter (25-45°),39.2,35.4,36.4,38.1,,,42.4,,42.5,False
605288,Adrian Houser,SF,R,38.1,3.3,Three-Quarter (25-45°),41.3,36.8,37.4,35.5,,,44.0,,,False
606965,Chris Devenski,NYM,R,38.1,2.0,Three-Quarter (25-45°),37.8,,,39.1,35.7,,,,,False
814490,Ethan Pecko,HOU,R,38.0,2.8,Three-Quarter (25-45°),39.4,38.1,,32.7,36.5,37.6,39.9,,,False
683618,Edgardo Henriquez,LAD,R,38.0,3.7,Three-Quarter (25-45°),38.1,35.0,41.0,,,36.0,46.8,,,False
608723,Austin Voth,MIN,R,37.9,3.9,Three-Quarter (25-45°),40.6,39.4,,,32.7,38.8,37.7,,,False
605242,Michael Fulmer,NYY,R,37.8,4.1,Three-Quarter (25-45°),40.5,37.5,,31.6,35.1,41.2,,,,False
700363,Aj Smith-Shawver,ATL,R,37.8,4.1,Three-Quarter (25-45°),35.3,33.9,41.6,,,,44.6,38.4,,False
623211,Huascar Brazobán,CWS,R,37.8,3.1,Three-Quarter (25-45°),37.5,36.6,,39.2,,38.2,,,,False
680570,Grayson Rodriguez,LAA,R,37.7,3.1,Three-Quarter (25-45°),37.6,,37.4,36.7,,,40.3,,,False
677952,Braxton Ashcraft,PIT,R,37.7,3.2,Three-Quarter (25-45°),36.9,35.5,37.4,,,,40.6,35.5,,False
694346,Trey Gibson,BAL,R,37.7,4.4,Three-Quarter (25-45°),38.9,32.9,40.9,,,35.7,43.7,,,False
687273,Quinn Mathews,STL,L,37.6,5.5,Three-Quarter (25-45°),36.8,35.7,38.6,30.6,,,48.3,,,True
689296,Anthony Nunez,BAL,R,37.6,4.1,Three-Quarter (25-45°),39.5,37.4,,39.5,33.9,39.9,,,,False
543135,Nathan Eovaldi,TEX,R,37.5,3.2,Three-Quarter (25-45°),35.1,37.0,38.4,,,36.1,40.6,37.2,,False
543037,Gerrit Cole,NYY,R,37.5,3.2,Three-Quarter (25-45°),38.3,33.5,36.9,35.3,,,,,38.7,False
681343,Shane Smith,CWS,R,37.5,3.7,Three-Quarter (25-45°),36.0,35.7,38.9,34.1,,,42.7,,,False
679885,Justin Martinez,AZ,R,37.5,3.5,Three-Quarter (25-45°),36.3,35.7,,,,,,41.8,,False
696522,Hayden Juenger,ATH,R,37.4,3.8,Three-Quarter (25-45°),39.8,,38.6,32.3,,37.0,,,,False
693686,Spencer Miles,TOR,R,37.4,2.5,Three-Quarter (25-45°),38.0,37.0,37.3,,,,38.1,,,False
592332,Kevin Gausman,CHC,R,37.4,3.3,Three-Quarter (25-45°),39.5,,36.7,,41.1,,,34.9,,False
669358,Shane Baz,BAL,R,37.4,3.3,Three-Quarter (25-45°),37.1,36.0,,36.0,,34.3,,,39.8,False
682610,Roddery Muñoz,HOU,R,37.4,4.6,Three-Quarter (25-45°),34.0,,41.5,,,32.0,,,,False
805673,Zebby Matthews,MIN,R,37.3,4.0,Three-Quarter (25-45°),39.3,33.2,37.8,32.9,,34.1,40.5,,,False
683742,Jose Franco,CIN,R,37.3,3.5,Three-Quarter (25-45°),37.4,,38.2,34.1,,,,,,False
641778,Eric Lauer,LAD,L,37.3,3.6,Three-Quarter (25-45°),38.1,,38.6,33.5,,36.9,39.1,,,False
683175,Connor Phillips,CIN,R,37.2,3.1,Three-Quarter (25-45°),39.2,,,,34.8,,42.7,,,False
702474,Mike Paredes,MIN,R,37.2,4.4,Three-Quarter (25-45°),40.8,,,35.9,31.8,38.3,,,,False
656529,Sam Hentges,SF,L,37.1,2.4,Three-Quarter (25-45°),36.4,35.4,37.3,,,,40.8,,,False
594835,Marco Gonzales,TEX,L,37.1,2.9,Three-Quarter (25-45°),39.4,,,33.0,,37.8,,,,False
519141,Drew Pomeranz,CHC,L,37.0,1.9,Three-Quarter (25-45°),37.1,,,,,,,,36.6,False
682842,Abner Uribe,MIL,R,37.0,2.7,Three-Quarter (25-45°),,36.0,38.6,,,,,,,False
592454,Tommy Kahnle,BOS,R,37.0,5.5,Three-Quarter (25-45°),43.2,,,34.1,,,,,,True
622694,Elieser Hernández,ATL,R,36.9,2.7,Three-Quarter (25-45°),36.7,,,38.8,35.9,35.7,,,,False
672841,Carlos Vargas,SEA,R,36.9,3.1,Three-Quarter (25-45°),,35.4,40.3,,,36.0,,,,False
669203,Corbin Burnes,AZ,R,36.9,3.4,Three-Quarter (25-45°),,35.2,,32.5,,36.5,40.4,,,False
675989,Cody Bolton,HOU,R,36.8,4.3,Three-Quarter (25-45°),38.7,36.4,,32.4,35.2,34.7,42.2,,,False
673380,Dedniel Núñez,NYM,R,36.8,5.0,Three-Quarter (25-45°),33.5,,40.6,,,,,,,False
701719,Tyler Samaniego,BOS,L,36.7,3.3,Three-Quarter (25-45°),40.5,34.1,,36.7,35.9,38.8,,,,False
678368,Valente Bellozo,COL,R,36.7,4.5,Three-Quarter (25-45°),39.4,33.7,,30.4,37.0,38.8,,,,False
687209,Zach Maxwell,CIN,R,36.6,2.9,Three-Quarter (25-45°),35.5,,,,37.0,39.1,,,,False
666126,Carlos Cortes,ATH,L,36.5,4.3,Three-Quarter (25-45°),,,,35.4,,,,,,False
686799,Jack Kochanowicz,LAA,R,36.4,2.1,Three-Quarter (25-45°),36.1,36.9,35.4,36.6,,,,,,False
685005,Christian Roa,HOU,R,36.4,3.1,Three-Quarter (25-45°),38.4,37.0,34.5,,,,,,,False
642152,Lou Trivino,PHI,R,36.3,2.0,Three-Quarter (25-45°),,35.2,,34.5,38.9,37.1,,,,False
681168,Luis Curvelo,TEX,R,36.2,5.8,Three-Quarter (25-45°),33.4,29.0,40.8,,,,,41.8,,True
572143,Burch Smith,DET,R,36.2,4.0,Three-Quarter (25-45°),36.0,,,38.0,,31.3,40.0,,,False
676917,Cade Cavalli,WSH,R,36.1,4.2,Three-Quarter (25-45°),37.1,34.1,,33.3,32.3,35.8,,,38.5,False
663855,Jordan Hicks,CWS,R,36.1,5.0,Three-Quarter (25-45°),40.0,35.6,,,34.5,,,35.4,,False
661563,Luis Gil,NYY,R,35.9,7.0,Three-Quarter (25-45°),40.2,31.2,38.1,23.9,,,,,,True
666171,Ryan Zeferjahn,CHC,R,35.9,4.3,Three-Quarter (25-45°),37.6,32.6,38.3,,34.7,,44.3,,,False
670245,Ryan Watson,LAA,R,35.9,2.3,Three-Quarter (25-45°),35.6,35.8,,,35.7,36.1,36.5,,,False
694037,Daniel Palencia,CHC,R,35.8,4.2,Three-Quarter (25-45°),36.7,31.8,33.2,,,,,39.1,,False
663436,Davis Martin,CWS,R,35.8,2.6,Three-Quarter (25-45°),36.6,35.1,35.8,33.7,,35.0,37.9,,,False
680736,Justin Wrobleski,LAD,L,35.7,2.8,Three-Quarter (25-45°),36.1,35.6,35.1,32.4,35.5,31.8,39.5,,,False
677161,Zack Kelly,BOS,R,35.5,2.6,Three-Quarter (25-45°),36.5,34.9,,,33.6,36.4,,,,False
688158,David Morgan,SD,R,35.5,5.6,Three-Quarter (25-45°),36.8,29.6,33.2,,,,42.3,,,True
656605,Mitch Keller,PIT,R,35.3,3.0,Three-Quarter (25-45°),35.3,34.9,36.8,36.8,31.6,35.9,39.6,,,False
621074,Michael Rucker,SEA,R,35.2,4.4,Three-Quarter (25-45°),37.5,28.8,,,,36.8,34.5,,,False
683769,Hunter Gaddis,CLE,R,35.2,3.9,Three-Quarter (25-45°),34.6,,37.2,30.8,,,,,,False
692230,Carlos Rodriguez,MIL,R,35.2,3.0,Three-Quarter (25-45°),34.9,,,32.8,37.6,37.7,,,,False
672335,Cionel Pérez,NYM,L,35.2,2.7,Three-Quarter (25-45°),33.5,33.8,,,,,37.5,,,False
675848,Juan Mejia,COL,R,35.2,2.7,Three-Quarter (25-45°),36.0,32.7,34.5,32.1,34.7,,,,,False
605452,Joe Ross,TEX,R,35.1,2.1,Three-Quarter (25-45°),35.3,36.3,33.2,,,,,35.9,,False
664299,Cristian Javier,HOU,R,35.0,2.2,Three-Quarter (25-45°),35.7,,,35.2,33.8,35.2,,,36.8,False
592094,Jason Adam,SD,R,35.0,4.1,Three-Quarter (25-45°),37.6,,36.4,32.7,30.1,,,,,False
689254,Mason Fluharty,TOR,L,35.0,4.8,Three-Quarter (25-45°),,,,32.4,39.1,32.3,,,,False
607455,Anthony Banda,MIN,L,34.9,4.3,Three-Quarter (25-45°),36.2,35.4,34.0,33.8,,,,,,False
683155,Joey Estes,ATH,R,34.9,2.9,Three-Quarter (25-45°),34.6,,37.8,,33.6,34.2,,,,False
607200,Erick Fedde,CWS,R,34.8,4.8,Three-Quarter (25-45°),34.4,38.9,,30.4,31.8,37.2,,,,False
667755,José Soriano,TOR,R,34.8,4.9,Three-Quarter (25-45°),32.5,32.9,36.3,,,,,33.2,39.6,False
681217,Chase Silseth,TEX,R,34.7,3.2,Three-Quarter (25-45°),35.3,35.4,,,29.7,,,37.2,,False
681799,Ethan Roberts,CHC,R,34.7,3.2,Three-Quarter (25-45°),,32.7,,,33.1,36.8,,,,False
641743,Anthony Kay,CWS,L,34.7,5.0,Three-Quarter (25-45°),40.1,33.4,35.7,30.1,30.7,37.9,,,,False
687911,Bryan King,HOU,L,34.6,3.0,Three-Quarter (25-45°),35.2,32.7,,,34.5,,,,,False
672629,Gerardo Carrillo,AZ,R,34.5,3.0,Three-Quarter (25-45°),32.6,33.7,,,33.3,33.6,,37.2,,False
594798,Jacob Degrom,TEX,R,34.5,3.1,Three-Quarter (25-45°),32.2,33.4,36.0,35.4,,,39.6,,,False
683352,Mitch Bratt,AZ,L,34.4,3.6,Three-Quarter (25-45°),33.8,31.1,39.9,32.9,,,42.8,,,False
669160,Dustin May,MIL,R,34.4,5.4,Three-Quarter (25-45°),37.4,30.0,,33.5,29.1,37.3,39.9,,,True
666277,George Soriano,STL,R,34.3,3.7,Three-Quarter (25-45°),32.4,32.4,33.7,37.8,30.9,,,,,False
685126,Brandon Eisert,PIT,L,34.3,3.2,Three-Quarter (25-45°),34.9,33.0,35.4,31.7,,,,,,False
663568,Stephen Kolek,KC,R,34.3,3.0,Three-Quarter (25-45°),36.7,34.7,33.3,30.0,34.0,33.5,,,,False
696147,Sam Bachman,LAA,R,34.1,4.7,Three-Quarter (25-45°),33.3,33.6,36.5,26.5,,,,,,False
624522,Keegan Thompson,COL,R,34.0,2.2,Three-Quarter (25-45°),33.6,33.1,,,34.6,34.8,36.7,,,False
595345,Steven Okert,HOU,L,33.9,2.3,Three-Quarter (25-45°),33.2,31.6,34.4,,,,,,,False
677958,Kumar Rocker,TEX,R,33.9,5.1,Three-Quarter (25-45°),28.9,31.5,38.5,33.3,,32.4,,30.4,,True
669923,George Kirby,SEA,R,33.8,2.5,Three-Quarter (25-45°),33.9,33.7,,30.5,33.5,35.5,,31.7,35.8,False
641302,Tyler Alexander,TEX,L,33.8,2.6,Three-Quarter (25-45°),34.4,31.2,,34.3,33.9,35.1,,,,False
660271,Shohei Ohtani,LAD,R,33.7,4.8,Three-Quarter (25-45°),32.4,30.2,42.2,,31.9,,45.2,34.5,,False
687606,Paxton Schultz,WSH,R,33.7,2.7,Three-Quarter (25-45°),34.9,,31.0,36.8,,32.1,,,,False
670036,Matt Festa,CLE,R,33.7,4.3,Three-Quarter (25-45°),33.1,31.7,,,34.4,36.8,,,,False
471911,Carlos Carrasco,ATL,R,33.6,2.4,Three-Quarter (25-45°),35.3,34.1,33.6,32.3,,34.2,,,,False
642547,Freddy Peralta,TB,R,33.6,5.4,Three-Quarter (25-45°),36.4,,29.1,27.1,31.5,,35.9,,,True
642397,Gregory Soto,PIT,L,33.6,3.8,Three-Quarter (25-45°),33.6,31.0,35.7,,36.3,,,,,False
676620,Blake Weiman,LAA,L,33.5,3.4,Three-Quarter (25-45°),38.1,30.8,36.4,27.2,33.1,,,,,False
689147,Orion Kerkering,PHI,R,33.5,4.7,Three-Quarter (25-45°),37.7,36.0,,,28.7,,,36.8,,False
682120,Tim Herrin,CLE,L,33.5,4.1,Three-Quarter (25-45°),30.5,30.1,33.4,,,,38.6,,,False
656945,Tanner Scott,LAD,L,33.5,2.2,Three-Quarter (25-45°),33.6,,33.4,,,,,,,False
665795,Edward Cabrera,CHC,R,33.4,3.8,Three-Quarter (25-45°),30.7,32.4,31.7,32.6,,,38.8,,,False
681190,Randy Vásquez,SD,R,33.4,2.4,Three-Quarter (25-45°),33.5,32.8,33.2,32.8,33.4,33.4,35.2,,,False
592155,Cam Booser,TB,L,33.2,3.2,Three-Quarter (25-45°),36.0,,,,29.6,31.1,,,,False
668909,Gavin Williams,CLE,R,33.2,4.5,Three-Quarter (25-45°),33.9,30.3,,,30.9,28.2,38.6,,,False
700241,Michael Mcgreevy,STL,R,33.2,3.0,Three-Quarter (25-45°),34.1,31.7,34.3,33.6,30.0,31.4,36.5,,,False
678022,Jack Perkins,ATH,R,33.1,3.2,Three-Quarter (25-45°),33.3,32.8,37.2,35.4,32.1,31.5,,,,False
645261,Sandy Alcántara,MIA,R,33.1,2.2,Three-Quarter (25-45°),33.5,32.4,33.4,32.9,33.1,33.5,35.9,,,False
687075,Brandon Sproat,MIL,R,33.1,3.8,Three-Quarter (25-45°),34.1,31.4,,30.8,31.1,33.4,38.7,,,False
571927,Steven Matz,TB,L,33.0,4.6,Three-Quarter (25-45°),,32.8,35.7,30.9,,,37.3,,,False
675660,Shane Drohan,MIL,L,33.0,3.9,Three-Quarter (25-45°),31.8,31.8,32.8,31.9,,34.0,37.2,,,False
676742,Cam Sanders,BAL,R,32.9,3.2,Three-Quarter (25-45°),32.1,29.5,34.3,32.3,,,,,,False
663969,Tyler Phillips,MIA,R,32.9,4.6,Three-Quarter (25-45°),36.1,30.4,34.4,,30.1,,40.4,31.8,,False
656546,Jeff Hoffman,MIN,R,32.8,3.1,Three-Quarter (25-45°),32.5,32.2,34.3,,,,,30.1,,False
681892,Kody Funderburk,MIN,L,32.8,2.9,Three-Quarter (25-45°),,31.8,33.1,30.8,30.5,35.3,,,,False
677960,Ryan Weathers,NYY,L,32.8,3.8,Three-Quarter (25-45°),35.8,31.4,36.3,32.7,28.9,,,,,False
657097,Jacob Webb,CHC,R,32.7,2.1,Three-Quarter (25-45°),31.6,,33.6,33.4,31.5,,34.1,,,False
641401,Connor Brogdon,CLE,R,32.7,3.0,Three-Quarter (25-45°),34.3,,,31.1,,31.5,,,,False
695534,Chase Petty,CIN,R,32.7,3.1,Three-Quarter (25-45°),33.7,31.1,36.2,31.1,34.4,,,,,False
657756,Connor Seabold,KC,R,32.6,3.8,Three-Quarter (25-45°),35.4,,29.8,29.0,,29.7,,,,False
674370,Osvaldo Bido,CWS,R,32.6,2.9,Three-Quarter (25-45°),31.0,30.5,34.7,30.9,35.0,,,,,False
702153,Brian Fitzpatrick,MIL,L,32.5,2.6,Three-Quarter (25-45°),33.3,31.2,34.5,31.0,,,,,,False
657649,Jared Koenig,MIL,L,32.4,5.6,Three-Quarter (25-45°),,37.0,,26.6,,28.6,,,,True
680702,Joey Gerber,NYM,R,32.4,2.5,Three-Quarter (25-45°),32.7,,,,,32.1,,,,False
669298,Tj Shook,COL,R,32.3,2.1,Three-Quarter (25-45°),32.5,,,31.2,32.3,33.0,,,,False
678868,Eddy Yean,WSH,R,32.2,2.9,Three-Quarter (25-45°),,31.4,32.4,33.6,,,,,,False
681544,Wyatt Olds,BOS,R,32.2,2.5,Three-Quarter (25-45°),32.9,,32.5,,,28.9,,,,False
595014,Blake Treinen,LAD,R,32.1,2.5,Three-Quarter (25-45°),33.1,32.4,,,31.5,32.2,,,,False
686218,Emmet Sheehan,LAD,R,32.1,3.8,Three-Quarter (25-45°),32.9,,30.3,31.3,,,34.5,,,False
548384,Brooks Raley,PHI,L,32.0,4.3,Three-Quarter (25-45°),,32.3,,33.5,28.4,35.5,,,,False
683409,Angel Chivilli,NYY,R,31.9,2.4,Three-Quarter (25-45°),30.4,,31.8,32.9,,,,,,False
623352,Josh Hader,HOU,L,31.8,3.5,Three-Quarter (25-45°),,33.9,27.9,,,,,,,False
676979,Garrett Crochet,BOS,L,31.8,3.8,Three-Quarter (25-45°),32.1,28.1,,28.8,36.1,32.9,,,,False
678606,José Ferrer,SEA,L,31.8,3.0,Three-Quarter (25-45°),,32.9,29.8,29.1,,,,,,False
694477,Chad Patrick,MIL,R,31.7,3.7,Three-Quarter (25-45°),33.3,33.4,,,,29.2,,,,False
690986,Kyle Harrison,MIL,L,31.6,2.8,Three-Quarter (25-45°),33.0,32.3,,30.0,,,,,,False
453286,Max Scherzer,TOR,R,31.6,3.7,Three-Quarter (25-45°),32.0,,29.8,27.9,,29.0,37.1,,,False
692030,Jose Corniell,TEX,R,31.6,2.4,Three-Quarter (25-45°),32.1,,,32.8,30.4,30.2,,,,False
672442,Yovanny Cruz,WSH,R,31.5,4.2,Three-Quarter (25-45°),27.4,27.1,34.4,,,,,35.5,,False
807743,Sean Sullivan,COL,L,31.4,4.5,Three-Quarter (25-45°),30.5,26.4,,38.8,32.6,27.3,,,,False
806188,Cade Gibson,MIA,L,31.4,5.6,Three-Quarter (25-45°),33.6,31.6,31.2,31.8,25.0,,39.0,,,True
650911,Cristopher Sánchez,PHI,L,31.3,2.2,Three-Quarter (25-45°),,31.6,33.5,29.8,,,,,,False
685112,Zach Mccambley,CIN,R,31.3,3.8,Three-Quarter (25-45°),29.9,,,,35.1,30.3,,,,False
702352,Spencer Bivens,SF,R,31.3,3.8,Three-Quarter (25-45°),34.4,31.2,,,28.3,,,,,False
680604,Blas Castano,COL,R,31.1,4.2,Three-Quarter (25-45°),35.6,31.7,,27.6,30.4,29.3,,,,False
621121,Lance Mccullers,MIL,R,31.1,3.6,Three-Quarter (25-45°),34.8,31.2,,28.1,28.8,31.9,,,33.8,False
687562,Jake Bennett,BOS,L,31.1,3.0,Three-Quarter (25-45°),30.2,30.2,,33.1,30.2,31.1,34.1,,,False
690997,Nolan Mclean,NYM,R,30.9,3.6,Three-Quarter (25-45°),32.6,32.0,25.4,31.7,26.6,30.5,30.4,,,False
672782,Yoendrys Gómez,MIN,R,30.9,3.3,Three-Quarter (25-45°),30.9,30.4,,29.7,30.3,32.2,,,,False
669724,Brenan Hanifee,DET,R,30.9,2.5,Three-Quarter (25-45°),31.5,30.7,32.4,28.1,,,,,,False
691587,Eury Pérez,MIA,R,30.9,3.7,Three-Quarter (25-45°),32.8,28.8,28.2,31.0,28.3,,37.3,,,False
669387,Carmen Mlodzinski,PIT,R,30.9,5.4,Three-Quarter (25-45°),34.5,26.8,29.6,,24.8,26.1,35.8,31.2,,True
671162,Connor Thomas,KC,L,30.8,3.2,Three-Quarter (25-45°),32.4,27.4,,31.1,31.0,32.8,,,,False
703615,Jose Cabrera,AZ,R,30.8,4.5,Three-Quarter (25-45°),32.5,27.7,,28.2,26.8,30.6,38.7,,,False
676467,Colton Gordon,MIL,L,30.7,3.7,Three-Quarter (25-45°),33.3,32.1,,32.5,26.2,,,,,False
676617,Riley O'Brien,STL,R,30.7,3.9,Three-Quarter (25-45°),,33.1,28.2,,26.9,,,,,False
647315,Zach Pop,PHI,R,30.6,5.2,Three-Quarter (25-45°),,32.8,23.5,,,34.7,,,,True
666374,Matt Brash,SEA,R,30.6,2.7,Three-Quarter (25-45°),32.7,32.4,30.4,27.7,,,,,,False
683363,Matt Wilkinson,SF,L,30.6,2.5,Three-Quarter (25-45°),30.0,,30.7,32.4,,29.4,,,,False
695001,Alimber Santa,HOU,R,30.5,3.4,Three-Quarter (25-45°),33.8,29.7,33.0,,28.3,,,,,False
664076,Garrett Cleavinger,TB,L,30.5,3.7,Three-Quarter (25-45°),37.5,29.1,29.7,,27.9,,,,,False
621381,Matt Strahm,KC,L,30.4,2.6,Three-Quarter (25-45°),29.4,29.5,33.5,28.1,,28.7,,,,False
695684,Elmer Rodriguez,NYY,R,30.4,4.7,Three-Quarter (25-45°),31.0,28.2,,27.2,29.4,,39.1,,,False
642701,Dennis Santana,AZ,R,30.4,3.0,Three-Quarter (25-45°),30.2,26.6,31.9,28.5,,32.7,,,,False
813349,Connelly Early,BOS,L,30.3,3.9,Three-Quarter (25-45°),33.2,27.4,27.4,28.7,25.8,,34.5,,,False
701656,Logan Henderson,MIL,R,30.2,2.4,Three-Quarter (25-45°),30.5,,,30.1,28.3,30.1,,,,False
605135,Chris Bassitt,BAL,R,30.2,4.7,Three-Quarter (25-45°),28.4,28.5,34.1,26.5,23.3,28.7,37.5,,,False
682825,Luis Mey,CIN,R,30.2,3.4,Three-Quarter (25-45°),26.9,28.9,32.7,,,,,,,False
701542,Will Warren,NYY,R,30.0,3.4,Three-Quarter (25-45°),29.3,28.9,,30.8,30.0,,37.0,,,False
596001,Jakob Junis,TEX,R,30.0,2.8,Three-Quarter (25-45°),29.7,29.0,,31.6,29.9,,,,,False
676604,Tyler Zuber,MIA,R,30.0,5.1,Three-Quarter (25-45°),32.9,27.5,32.9,,23.6,,35.4,,,True
628452,Raisel Iglesias,ATL,R,29.9,5.3,Three-Quarter (25-45°),29.0,29.7,31.7,30.6,,,,,,True
681151,Jayden Murray,CHC,R,29.8,2.7,Three-Quarter (25-45°),30.8,29.4,,28.8,28.5,,,,,False
694819,Jacob Misiorowski,MIL,R,29.8,3.4,Three-Quarter (25-45°),29.6,,29.0,31.3,,27.2,36.1,,,False
662253,Andrés Muñoz,SEA,R,29.7,3.8,Three-Quarter (25-45°),28.6,25.8,32.3,25.6,,,,,,False
622554,Seranthony Domínguez,SEA,R,29.6,3.4,Three-Quarter (25-45°),28.2,27.5,,,31.1,,32.8,33.3,,False
607067,Colin Rea,CHC,R,29.6,2.5,Three-Quarter (25-45°),28.8,29.4,30.2,29.9,29.3,30.2,34.3,,,False
663362,Matt Waldron,WSH,R,29.6,4.0,Three-Quarter (25-45°),30.2,27.1,,,27.0,28.9,,,,False
676428,Brant Hurter,DET,L,29.5,3.0,Three-Quarter (25-45°),31.7,29.4,,27.8,29.8,,,,,False
681035,Christian Scott,NYM,R,29.4,2.5,Three-Quarter (25-45°),29.8,30.4,,,27.6,29.0,32.7,31.9,,False
694360,Beck Way,KC,R,29.4,4.4,Three-Quarter (25-45°),28.1,26.3,,,32.4,31.0,,,,False
689441,Coleman Crow,MIL,R,29.3,4.1,Three-Quarter (25-45°),29.3,26.0,,,23.8,28.9,34.9,,,False
666200,Jesús Luzardo,PHI,L,29.2,4.1,Three-Quarter (25-45°),31.8,30.3,,30.1,26.4,,,,,False
642546,Jonathan Hernández,LAD,R,29.2,3.4,Three-Quarter (25-45°),29.3,26.1,31.6,,,,,,,False
671212,Joe Boyle,TB,R,29.2,5.1,Three-Quarter (25-45°),28.6,29.2,29.5,,31.0,,,28.0,,True
640454,Matt Krook,WSH,L,29.1,3.8,Three-Quarter (25-45°),,32.2,,,26.3,,,,,False
547184,Michael Kelly,ATH,R,29.1,3.4,Three-Quarter (25-45°),30.1,,30.6,,27.9,,,,,False
573124,Taylor Rogers,MIN,L,28.9,1.9,Three-Quarter (25-45°),,29.3,,,28.5,29.2,,,,False
642100,Gabe Speier,SEA,L,28.8,2.6,Three-Quarter (25-45°),29.3,29.2,27.6,,,,,,,False
668941,Jojo Romero,MIL,L,28.8,3.0,Three-Quarter (25-45°),32.1,27.7,,31.0,28.9,,,,,False
607625,Seth Lugo,KC,R,28.5,5.3,Three-Quarter (25-45°),30.2,24.7,32.9,27.0,23.8,31.2,30.8,,,True
606303,Joel Payamps,ATL,R,28.4,3.3,Three-Quarter (25-45°),30.0,31.4,,,26.3,,,,,False
695076,Rhett Lowder,CIN,R,28.4,4.3,Three-Quarter (25-45°),33.2,25.6,29.9,24.5,,,36.3,,,False
656427,Jack Flaherty,DET,R,28.3,3.5,Three-Quarter (25-45°),28.3,27.4,29.1,22.2,,,,,28.0,False
641927,Bailey Ober,MIN,R,28.3,3.0,Three-Quarter (25-45°),28.2,28.7,27.6,28.4,28.9,,30.8,,,False
607536,Kyle Freeland,COL,L,28.2,4.5,Three-Quarter (25-45°),29.5,24.9,,30.8,27.4,25.5,,,29.7,False
801434,Paul Gervase,LAD,R,28.1,4.7,Three-Quarter (25-45°),28.8,,28.6,,,24.9,,,,False
694335,Matt Svanson,STL,R,28.0,2.0,Three-Quarter (25-45°),,26.9,,,29.6,27.7,,,,False
670103,Raymond Burgos,BOS,L,27.9,3.4,Three-Quarter (25-45°),,25.5,,31.4,30.4,27.5,,,,False
690829,Ben Joyce,LAA,R,27.7,2.8,Three-Quarter (25-45°),26.8,29.8,28.5,,,,,,,False
694680,Trevor Martin,LAA,R,27.7,2.5,Three-Quarter (25-45°),27.6,,,,,27.8,,28.5,,False
674444,Steven Cruz,KC,R,27.7,2.9,Three-Quarter (25-45°),26.3,,30.7,,,28.9,,,,False
801139,Payton Tolle,BOS,L,27.7,2.7,Three-Quarter (25-45°),27.5,27.2,,23.4,,27.1,32.2,,,False
689546,Nick Davila,SEA,R,27.7,3.1,Three-Quarter (25-45°),28.0,24.8,28.8,,,,,,,False
694297,Brandon Pfaadt,AZ,R,27.6,4.0,Three-Quarter (25-45°),29.6,28.2,,23.0,24.8,26.3,31.6,,,False
621366,Ryan Borucki,SF,L,27.6,1.9,Three-Quarter (25-45°),,27.3,27.6,,28.5,26.6,,28.3,,False
621053,Tyler Ferguson,CHC,R,27.5,2.0,Three-Quarter (25-45°),28.1,27.2,28.7,25.8,26.3,28.3,,,,False
676051,Codi Heuer,CLE,R,27.3,2.2,Three-Quarter (25-45°),27.3,,26.8,27.6,,,,,,False
690279,Mason Adams,COL,R,27.3,3.2,Three-Quarter (25-45°),28.0,24.9,,25.3,26.9,28.6,30.0,,,False
686790,Trevor Mcdonald,SF,R,27.2,2.5,Three-Quarter (25-45°),,27.8,26.4,26.2,,,,,,False
815081,Mark Manfredi,COL,L,27.2,2.6,Three-Quarter (25-45°),28.3,,25.5,,,,,,,False
690953,Mick Abel,MIN,R,27.2,2.5,Three-Quarter (25-45°),28.1,,26.1,26.5,24.9,,27.9,,,False
678061,Ray Kerr,ATL,L,26.9,4.1,Three-Quarter (25-45°),26.1,24.5,,,,,28.6,,,False
663623,Jake Irvin,WSH,R,26.9,3.5,Three-Quarter (25-45°),27.1,26.0,,27.1,24.8,26.0,28.3,,,False
676760,Ron Marinaccio,CIN,R,26.8,3.4,Three-Quarter (25-45°),26.2,,,25.6,24.3,30.8,,,,False
622088,Tejay Antone,CIN,R,26.7,3.9,Three-Quarter (25-45°),34.6,26.6,,,24.1,29.5,30.5,,,False
677961,Cole Wilcox,SEA,R,26.6,3.0,Three-Quarter (25-45°),26.5,25.3,29.6,24.9,26.1,,,,,False
696131,Mason Black,KC,R,26.6,3.4,Three-Quarter (25-45°),29.3,25.2,28.8,21.6,24.4,27.6,27.2,,,False
647336,Michael Soroka,AZ,R,26.5,3.2,Three-Quarter (25-45°),24.9,25.6,,25.7,,25.1,,,,False
677865,Justin Bruihl,STL,L,26.5,3.3,Three-Quarter (25-45°),32.6,24.7,,25.7,27.5,,,,,False
623465,Evan Phillips,LAD,R,26.4,2.3,Three-Quarter (25-45°),27.8,27.2,,,24.7,26.4,,,,False
667463,John King,MIA,L,26.3,4.5,Three-Quarter (25-45°),,24.7,27.1,22.9,26.4,,34.9,,,False
670990,Yohan Ramírez,PIT,R,26.2,5.7,Three-Quarter (25-45°),22.1,21.8,,,28.2,,36.0,,,True
671106,Logan Allen,CLE,L,26.1,4.8,Three-Quarter (25-45°),26.3,23.1,,28.9,26.8,26.0,,,,False
671345,Jason Foley,SF,R,26.0,3.7,Three-Quarter (25-45°),26.1,23.8,30.9,,,,,22.8,,False
688297,Chris Roycroft,ATH,R,26.0,2.8,Three-Quarter (25-45°),27.6,25.1,,,25.1,26.8,,,,False
676664,Jp Sears,SD,L,26.0,4.9,Three-Quarter (25-45°),30.8,26.0,24.2,21.0,23.2,,,,,False
837227,Tatsuya Imai,HOU,R,25.8,3.1,Three-Quarter (25-45°),24.3,19.9,27.5,27.0,,,,27.0,,False
656794,Sean Newcomb,CWS,L,25.8,4.3,Three-Quarter (25-45°),28.6,23.8,,25.7,,31.5,33.8,,,False
694973,Paul Skenes,PIT,R,25.8,2.2,Three-Quarter (25-45°),26.5,25.2,26.7,23.6,25.4,,,25.8,,False
681810,Austin Warren,NYM,R,25.6,3.2,Three-Quarter (25-45°),28.8,24.7,,25.6,24.5,,27.8,,,False
702275,Jr Ritchie,ATL,R,25.6,2.7,Three-Quarter (25-45°),25.6,24.8,25.1,26.6,,22.8,26.5,,,False
663485,Cole Sands,MIN,R,25.6,3.4,Three-Quarter (25-45°),26.0,26.5,,,,25.6,23.0,26.5,,False
642048,Tayler Saucedo,LAA,L,25.5,3.2,Three-Quarter (25-45°),27.1,25.9,25.0,24.7,25.1,,,,,False
660787,Yerry De Los Santos,NYY,R,25.5,2.7,Three-Quarter (25-45°),24.7,24.9,29.4,26.3,,,,,,False
663574,Tony Santillan,CIN,R,25.5,3.8,Three-Quarter (25-45°),25.5,,28.3,,,,,,,False
650633,Mike King,SD,R,25.3,5.5,Three-Quarter (25-45°),32.4,25.9,26.2,19.1,25.2,,,,,True
672582,Angel Zerpa,MIL,L,25.2,4.2,Three-Quarter (25-45°),,23.7,28.0,,,,,,,False
676395,Robert Garcia,TEX,L,25.2,2.6,Three-Quarter (25-45°),24.8,,27.2,24.6,,,,,,False
664208,Phil Maton,CHC,R,25.0,3.5,Low Three-Quarter / Sidearm (5-25°),,21.3,,,22.9,27.3,25.4,,,False
689520,Cody Laweryson,MIN,R,25.0,2.5,Three-Quarter (25-45°),24.5,,,26.7,,25.8,,,,False
663765,Jake Woodford,CHC,R,24.9,3.0,Low Three-Quarter / Sidearm (5-25°),,23.3,,,22.5,26.1,,27.9,,False
668834,Easton Mcgee,KC,R,24.8,4.0,Low Three-Quarter / Sidearm (5-25°),27.8,26.0,,,21.1,20.4,28.5,,,False
660853,Enyel De Los Santos,HOU,R,24.7,3.5,Low Three-Quarter / Sidearm (5-25°),22.6,,24.0,28.9,,,,,,False
686934,Alex Mcfarlane,PHI,R,24.7,2.5,Low Three-Quarter / Sidearm (5-25°),25.4,25.7,22.6,,23.6,,,,,False
808825,Andrew Sears,DET,L,24.4,2.5,Low Three-Quarter / Sidearm (5-25°),24.3,24.4,23.5,26.7,,,,,,False
693433,Bryan Woo,SEA,R,24.4,3.3,Low Three-Quarter / Sidearm (5-25°),24.5,24.1,25.3,24.3,23.1,,29.8,,,False
694795,Josh Ekness,MIA,R,24.3,3.2,Low Three-Quarter / Sidearm (5-25°),26.1,21.0,,,21.1,,26.5,,,False
677955,Jaden Hill,COL,R,24.1,2.1,Low Three-Quarter / Sidearm (5-25°),24.4,25.3,23.9,22.7,,,,,,False
670059,Colin Holderman,CLE,R,24.0,3.7,Low Three-Quarter / Sidearm (5-25°),25.0,23.2,,,24.1,,27.3,,,False
688107,Robert Gasser,MIL,L,23.8,3.2,Low Three-Quarter / Sidearm (5-25°),26.4,20.5,,21.8,24.8,24.1,,,,False
703725,Luis Gastelum,STL,R,23.8,3.8,Low Three-Quarter / Sidearm (5-25°),26.8,23.7,,20.2,25.8,,,,,False
800311,Didier Fuentes,ATL,R,23.7,4.7,Low Three-Quarter / Sidearm (5-25°),24.7,,22.6,,,,,16.9,,False
605130,Scott Barlow,ATH,R,23.7,4.8,Low Three-Quarter / Sidearm (5-25°),24.0,25.2,20.4,,19.2,,28.2,,,False
518886,Craig Kimbrel,KC,R,23.6,3.3,Low Three-Quarter / Sidearm (5-25°),22.6,23.8,,23.8,24.4,,,,28.4,False
657746,Joe Ryan,MIN,R,23.6,3.3,Low Three-Quarter / Sidearm (5-25°),23.1,22.2,23.0,,22.7,,,23.4,28.4,False
518876,Merrill Kelly,AZ,R,23.5,3.0,Low Three-Quarter / Sidearm (5-25°),21.2,21.9,24.9,24.5,,21.9,28.4,,,False
678906,Kai-Wei Teng,HOU,R,23.5,3.5,Low Three-Quarter / Sidearm (5-25°),24.4,22.6,21.6,25.9,21.7,,27.4,,,False
682989,Victor Mederos,ATL,R,23.5,4.4,Low Three-Quarter / Sidearm (5-25°),25.6,20.5,,,23.1,21.8,,29.4,,False
694357,Ricky Tiedemann,TOR,L,23.5,3.9,Low Three-Quarter / Sidearm (5-25°),27.9,,,,21.0,,,,,False
669920,Jason Alexander,HOU,R,23.5,3.7,Low Three-Quarter / Sidearm (5-25°),27.5,20.3,20.2,23.9,21.1,22.9,,,,False
694738,Landen Roupp,SF,R,23.4,4.6,Low Three-Quarter / Sidearm (5-25°),25.6,21.9,,17.3,,25.4,28.7,,,False
571510,Matt Boyd,CHC,L,23.4,5.0,Low Three-Quarter / Sidearm (5-25°),23.7,21.7,14.2,24.5,,,30.5,,,False
802408,Brycen Mautz,STL,L,23.4,4.3,Low Three-Quarter / Sidearm (5-25°),23.1,18.5,21.8,,,,29.6,,,False
801403,Chase Dollander,COL,R,23.3,3.4,Low Three-Quarter / Sidearm (5-25°),22.2,22.0,25.1,21.9,24.3,,30.7,,,False
663903,Brady Singer,CIN,R,23.0,2.4,Low Three-Quarter / Sidearm (5-25°),25.8,22.2,23.8,,23.0,23.8,,,,False
656212,Charlie Barnes,LAD,L,22.9,2.6,Low Three-Quarter / Sidearm (5-25°),24.1,21.6,24.3,20.5,,,,,,False
682995,Hunter Barco,PIT,L,22.7,2.1,Low Three-Quarter / Sidearm (5-25°),23.4,22.9,21.7,23.8,19.5,,,23.2,,False
695034,Kade Morris,ATH,R,22.5,4.4,Low Three-Quarter / Sidearm (5-25°),26.6,19.9,22.9,21.3,20.6,,32.3,,,False
669432,Trevor Rogers,BAL,L,22.4,1.9,Low Three-Quarter / Sidearm (5-25°),22.2,22.8,,21.5,23.9,22.3,,,,False
702752,Jonathan Pintaro,NYM,R,22.4,4.4,Low Three-Quarter / Sidearm (5-25°),24.0,19.6,,16.9,35.2,22.6,,,,False
554430,Zack Wheeler,PHI,R,22.1,2.1,Low Three-Quarter / Sidearm (5-25°),22.0,21.4,,,21.0,21.4,23.9,23.3,,False
665660,Elvis Alvarado,ATH,R,22.0,3.3,Low Three-Quarter / Sidearm (5-25°),22.5,20.6,20.5,,,,,23.9,,False
665665,Reiver Sanmartin,SF,L,21.9,2.8,Low Three-Quarter / Sidearm (5-25°),21.5,20.9,23.0,22.2,,,,,,False
681895,Evan Sisk,PIT,L,21.7,4.9,Low Three-Quarter / Sidearm (5-25°),26.3,21.6,,22.5,13.9,,23.6,,,False
669371,Cole Henry,WSH,R,21.6,3.5,Low Three-Quarter / Sidearm (5-25°),23.1,22.0,,,19.2,22.6,,,,False
681006,Josh Simpson,SEA,L,21.0,4.2,Low Three-Quarter / Sidearm (5-25°),,21.8,,,15.3,,25.6,,,False
702273,Noah Schultz,CWS,L,21.0,4.0,Low Three-Quarter / Sidearm (5-25°),19.4,17.6,,22.4,20.9,25.8,22.9,,,False
592779,Brock Stewart,LAD,R,20.8,2.7,Low Three-Quarter / Sidearm (5-25°),20.4,18.9,,20.3,22.6,20.9,,,,False
657277,Logan Webb,SF,R,20.8,3.7,Low Three-Quarter / Sidearm (5-25°),24.4,23.0,,16.5,18.9,23.2,,,,False
696146,Hagen Smith,CWS,L,20.7,3.5,Low Three-Quarter / Sidearm (5-25°),17.9,,23.9,,,22.4,,,,False
701121,Logan Vanwey,HOU,R,20.6,3.8,Low Three-Quarter / Sidearm (5-25°),22.2,,,,18.1,,,,,False
657265,Peter Strzelecki,STL,R,20.2,3.8,Low Three-Quarter / Sidearm (5-25°),21.8,20.3,,13.8,17.6,,23.4,,,False
663992,Richard Lovelady,WSH,L,20.0,3.3,Low Three-Quarter / Sidearm (5-25°),22.9,19.8,19.4,,19.0,,,,,False
680916,Franco Aleman,CLE,R,20.0,4.4,Low Three-Quarter / Sidearm (5-25°),17.5,,25.8,20.2,,,,,,False
696270,Ryan Johnson,LAA,R,19.7,4.7,Low Three-Quarter / Sidearm (5-25°),,20.5,,,21.8,20.8,,14.8,,False
681293,Spencer Arrighetti,TOR,R,19.4,3.1,Low Three-Quarter / Sidearm (5-25°),19.6,17.8,16.7,17.6,16.4,17.6,21.4,,,False
605400,Aaron Nola,PHI,R,19.4,3.2,Low Three-Quarter / Sidearm (5-25°),18.4,18.0,20.6,15.5,,19.4,,,22.7,False
682052,Jacob Lopez,ATH,L,19.2,4.8,Low Three-Quarter / Sidearm (5-25°),23.1,21.4,15.5,14.0,,20.6,,,,False
666808,Camilo Doval,PIT,R,19.1,3.3,Low Three-Quarter / Sidearm (5-25°),,17.7,22.3,19.5,,17.7,,,,False
697812,Joe Rock,ATH,L,18.9,3.1,Low Three-Quarter / Sidearm (5-25°),20.5,16.3,17.6,,,,,,,False
677976,Randy Dobnak,KC,R,18.8,2.6,Low Three-Quarter / Sidearm (5-25°),20.8,19.6,20.9,17.7,17.5,,,,,False
656234,Jake Bird,WSH,R,18.7,5.4,Low Three-Quarter / Sidearm (5-25°),25.0,18.4,,,14.1,,26.0,,,True
684974,Craig Yoho,CLE,R,18.5,3.2,Low Three-Quarter / Sidearm (5-25°),19.9,20.4,,16.7,,22.0,,,,False
642207,Devin Williams,NYM,R,18.4,5.3,Low Three-Quarter / Sidearm (5-25°),22.7,,,13.4,,,,,,True
489446,Kirby Yates,PIT,R,18.3,2.7,Low Three-Quarter / Sidearm (5-25°),18.0,,,,,,,18.7,,False
682445,Domingo Gonzalez,SEA,R,17.9,2.5,Low Three-Quarter / Sidearm (5-25°),16.8,16.0,20.5,,,,,,,False
695418,Brad Lord,WSH,R,17.5,3.3,Low Three-Quarter / Sidearm (5-25°),19.3,16.6,18.0,14.6,14.2,,,,,False
686560,Gavin Collyer,TEX,R,17.5,3.5,Low Three-Quarter / Sidearm (5-25°),19.6,18.7,,,13.4,17.9,,,,False
805299,Brandyn Garcia,AZ,L,17.1,2.0,Low Three-Quarter / Sidearm (5-25°),,17.6,,,15.7,18.2,,,,False
666974,Yennier Cano,BAL,R,16.8,3.5,Low Three-Quarter / Sidearm (5-25°),14.7,15.8,,,13.4,,,20.6,,False
642232,Ryan Yarbrough,NYY,L,16.8,5.1,Low Three-Quarter / Sidearm (5-25°),24.3,20.6,,18.0,11.6,13.3,,,,True
676254,Ryan Walker,SF,R,16.6,2.3,Low Three-Quarter / Sidearm (5-25°),15.3,15.6,18.8,,,,,,,False
687223,Carson Palmquist,WSH,L,16.1,4.7,Low Three-Quarter / Sidearm (5-25°),11.7,11.9,,,20.5,18.4,,,,False
622491,Luis Castillo,CWS,R,16.0,3.9,Low Three-Quarter / Sidearm (5-25°),18.6,15.2,15.2,10.6,,,,,,False
592866,Trevor Williams,TEX,R,16.0,2.3,Low Three-Quarter / Sidearm (5-25°),17.2,14.6,15.8,15.9,14.9,,,,,False
640455,Sean Manaea,NYM,L,15.5,2.8,Low Three-Quarter / Sidearm (5-25°),15.7,14.8,,16.3,15.8,14.5,,,,False
669622,Anthony Bender,MIA,R,15.3,8.6,Low Three-Quarter / Sidearm (5-25°),,23.3,25.2,,7.7,,,,,True
623149,Paul Sewald,TOR,R,15.3,3.5,Low Three-Quarter / Sidearm (5-25°),12.7,,,,18.6,,,,,False
671111,Sammy Peralta,LAA,L,15.3,5.4,Low Three-Quarter / Sidearm (5-25°),11.7,21.6,10.4,18.6,11.1,,,,,True
668984,Casey Legumina,TB,R,15.2,4.4,Low Three-Quarter / Sidearm (5-25°),15.5,18.5,13.0,10.9,14.2,,,,,False
621242,Edwin Díaz,LAD,R,15.2,3.7,Low Three-Quarter / Sidearm (5-25°),12.7,,18.6,,,,,,,False
573009,Joe Mantiply,TOR,L,15.0,2.3,Low Three-Quarter / Sidearm (5-25°),,15.1,,13.4,,,16.5,,,False
664849,Danny Young,ATL,L,14.9,3.9,Low Three-Quarter / Sidearm (5-25°),,17.8,,,12.1,,,,,False
687531,William Kempner,MIA,R,14.7,4.0,Low Three-Quarter / Sidearm (5-25°),14.0,10.4,,,19.1,16.1,,,,False
676571,Pj Poulin,WSH,L,14.7,3.5,Low Three-Quarter / Sidearm (5-25°),16.5,12.0,,14.6,15.1,,,,,False
666157,Nick Lodolo,CIN,L,14.2,2.2,Low Three-Quarter / Sidearm (5-25°),14.1,12.5,,14.4,,,16.1,,,False
476594,Robert Stock,NYM,R,14.0,4.4,Low Three-Quarter / Sidearm (5-25°),13.8,12.9,,15.0,8.2,16.4,,,,False
594580,Sam Moll,CIN,L,13.4,3.8,Low Three-Quarter / Sidearm (5-25°),15.9,14.7,,14.6,10.6,,,,,False
669711,Greg Weissert,BOS,R,12.8,6.4,Low Three-Quarter / Sidearm (5-25°),18.1,12.9,13.8,6.6,5.8,,14.8,,,True
657514,Brennan Bernardino,COL,L,12.4,5.1,Low Three-Quarter / Sidearm (5-25°),17.2,16.1,,14.6,,13.4,6.3,,,True
663542,Bryan Hudson,CWS,L,12.0,6.1,Low Three-Quarter / Sidearm (5-25°),13.4,15.5,,,8.1,,,,,True
805427,Drew Sommers,DET,L,11.9,2.3,Low Three-Quarter / Sidearm (5-25°),12.3,11.3,13.3,9.4,,,,,,False
680704,Nick Sandlin,LAA,R,11.6,3.3,Low Three-Quarter / Sidearm (5-25°),14.1,,9.4,,,,,13.3,,False
623437,Justin Topa,NYY,R,11.4,1.9,Low Three-Quarter / Sidearm (5-25°),,10.5,,11.4,11.0,13.1,,,,False
676106,Emerson Hancock,SEA,R,11.3,5.0,Low Three-Quarter / Sidearm (5-25°),10.4,7.4,,8.4,11.5,19.3,22.7,,,False
519242,Chris Sale,ATL,L,11.0,2.3,Low Three-Quarter / Sidearm (5-25°),11.6,9.9,11.4,8.0,,,,,,False
656457,Tyler Gilbert,CWS,L,10.9,7.5,Low Three-Quarter / Sidearm (5-25°),,9.3,,,5.6,28.0,,,,True
676680,Tom Cosgrove,WSH,L,10.7,4.8,Low Three-Quarter / Sidearm (5-25°),15.0,,,,8.7,,,,,False
607481,Aaron Bummer,KC,L,10.3,5.0,Low Three-Quarter / Sidearm (5-25°),8.6,7.3,,,11.1,8.5,16.4,,,False
668970,Gavin Hollowell,CHC,R,9.7,2.0,Low Three-Quarter / Sidearm (5-25°),10.4,9.9,,9.5,8.9,,,,,False
670167,John Schreiber,NYY,R,9.0,4.4,Low Three-Quarter / Sidearm (5-25°),11.9,9.0,,9.1,5.5,9.8,,,,False
681867,Cooper Criswell,SEA,R,7.2,3.1,Low Three-Quarter / Sidearm (5-25°),10.7,5.6,,5.4,8.2,9.7,,,,False
681982,Grant Anderson,MIL,R,6.7,5.3,Low Three-Quarter / Sidearm (5-25°),11.3,8.8,,6.7,0.8,,,,,True
679775,Kyle Backhus,PHI,L,6.0,3.9,Low Three-Quarter / Sidearm (5-25°),,7.4,,9.8,2.4,,,,,False
623474,Jimmy Herget,COL,R,3.9,7.5,Submarine / Very Low (<5°),5.5,0.2,6.5,8.8,2.0,,,,,True
664875,Justin Lawrence,WSH,R,2.7,4.7,Submarine / Very Low (<5°),4.9,-1.1,,,5.7,,,,,False
621016,José Cuas,KC,R,2.0,3.6,Submarine / Very Low (<5°),0.9,0.0,,,5.7,2.0,,,,False
687330,Kevin Kelly,TB,R,1.0,3.4,Submarine / Very Low (<5°),9.5,0.8,,-0.4,-0.1,,,,,False
676510,Nolan Hoffman,KC,R,-0.6,3.2,Submarine / Very Low (<5°),-0.7,-2.3,,-3.9,0.4,1.0,,,,False
695445,Chase Lee,TOR,R,-3.6,2.6,Submarine / Very Low (<5°),-3.1,-3.9,,,-4.6,,,,,False
571948,Hoby Milner,SEA,L,-4.4,2.2,Submarine / Very Low (<5°),-3.0,-3.7,,-6.9,-4.7,,,,,False
670090,Wyatt Mills,LAD,R,-6.2,4.0,Submarine / Very Low (<5°),-7.9,-6.0,-2.8,,-10.4,,,,,False
657044,Ryan Thompson,AZ,R,-12.2,3.4,Submarine / Very Low (<5°),-3.5,-13.9,-9.9,,,,,,,False
657612,Tim Hill,NYY,L,-22.1,3.4,Submarine / Very Low (<5°),-17.9,-23.2,-16.0,,,,,,,False
643511,Tyler Rogers,TOR,R,-60.5,2.0,Submarine / Very Low (<5°),,-61.2,-58.3,,,,,,,False
